Chemical|RNA
Chemical|DNA
Chemical|GABAergic
Chemical|GSK3alpha
Chemical|MJ
Chemical|mdm-2
Chemical|drug
Chemical|ionic contrast material
Chemical|albumin
Chemical|non-ionic contrast material
Chemical|NPY
Disease|adverse events
Disease|inability
Disease|sedation
Disease|sedated
Disease|mtDNA deletions
Disease|adverse effects
Disease|relapsed
Disease|adverse phenomenon
Disease|perfusion defect
Chemical|ancrod
Chemical|Tricyclic antidepressants
Chemical|DaunoXome
Chemical|birth control pills
Chemical|ionic
Disease|deaths
Chemical|contrast material
Disease|confused
Disease|sluggishly reactive
Disease|tremulous
Disease|pupils were 7 mm
Disease|sluggishly reactive to light
Disease|diaphoresis
Disease|shivering
Chemical|sedation
Disease|clinical symptoms
Disease|elevation of SGOT
Chemical|alkaline phosphatase
Chemical|lactic acid dehydrogenase
Disease|elevation of serum concentrations
Disease|Quinidine hepatitis
Disease|quinidine hepatotoxicity
Disease|toxicity
Chemical|A
Chemical|FasL
Chemical|Fas
Chemical|calpain 1
Disease|depressed cardiac function
Chemical|serotonin reuptake inhibitor
Disease|parkinsonian symptomatology
Disease|antiparkinsonian effect
Disease|dystonic movements
Disease|dyskinetic movements
Disease|syndrome
Chemical|ARB
Disease|fluid and analgesics
Disease|distended abdomen
Disease|dullness to percussion
Disease|thickened antrum of the stomach
Disease|fluid in the abdominal and pelvic cavity
Chemical|inducible-NO synthase
Disease|apoptosis
Disease|ADR-nephropathy
Disease|thyroid function
Disease|Gentamicin nephropathy
Disease|Doxorubicin cardiomyopathy
Disease|Complete heart block
Disease|internal carotid artery thrombosis
Disease|Nightmares
Disease|tubular damage
Disease|Hypomania-like syndrome
Disease|Acute cholestatic hepatitis
Disease|asystolic cardiac arrest
Chemical|mGluR1
Disease|oromandibular dystonia
Disease|Acute interstitial nephritis
Disease|female sexual dysfunction
Disease|pallidotomy
Disease|PTU-associated vasculitis
Disease|transient optic and peripheral neuropathy
Disease|Complete atrioventricular block
Disease|perimenopausal
Chemical|drug delivery system
Disease|kidney
Chemical|HLA-B35
Disease|thoraco-abdominal rigidity
Disease|EEG
Disease|memory
Disease|cholinergic syndrome
Chemical|NAD-precursors
Chemical|Glutamatergic
Disease|ageing process
Disease|Acute myeloid leukemia
Disease|postmenopausal
Chemical|Tween 80
Chemical|calcium
Disease|Alzheimer-like subacute dementia
Chemical|Beta-2-adrenoceptor
Chemical|Cw4
Chemical|N-acetyl-beta-glucosaminidase
Disease|transketolase abnormality
Disease|cardiac tachyarrhythmias
Chemical|dietary fat
Disease|Leukemogenic
Disease|excited delirium
Disease|hypernatraemic dehydration
Disease|platelet function
Disease|Complete left bundle branch block
Disease|oxidative stress
Disease|cold
Disease|smoking cessation
Disease|Inflammatory arthritis
Disease|chest discomfort
Chemical|NE
Chemical|6-OHDA
Disease|microangiopathic hemolytic anemia
Disease|central neurotoxicity
Disease|ischemic stroke
Disease|idiopathic generalized tonic-clonic convulsions
Disease|hypertensive episodes
Chemical|hormone
Disease|glomerular hypertension
Chemical|glutamate receptors
Disease|motor fluctuations
Disease|critically ill
Chemical|plasminogen
Disease|minimal glomerular capillary wall thickening
Disease|arterial angiography
Chemical|myelin
Chemical|remission inducing drugs
Disease|liver metastasis
Chemical|physiological saline
Disease|cellular alteration
Disease|parameningeal embryonal rhabdomyosarcoma
Chemical|cholinesterase
Disease|photosensitivity
Disease|discomfort
Disease|anaphylactoid reactions
Chemical|ester
Disease|arterial vasoconstriction
Chemical|choline acetyltransferase
Disease|persistent pulmonary hypertension syndrome of the newborn
Disease|hypotensive response
Disease|digestive disorders
Chemical|aprotinin
Disease|asymptomatic
Disease|mesangial matrix increase
Disease|olig-anuria
Disease|abnormalities
Disease|bone marrow transplant
Chemical|inulin
Chemical|kappa opioid-agonists
Chemical|Hg
Disease|gross enlargement of their livers
Disease|renal protein reabsorption and accumulation
Chemical|N-acetylglucosaminidase
Disease|refractory hypotension
Chemical|133Xe
Disease|Affective Disorders
Chemical|phosphodiesterase inhibitors
Chemical|carbonic anhydrase
Disease|Cranial dystonias
Chemical|Methanolic
Disease|deficits
Chemical|pegylated interferon
Chemical|saline
Disease|PPI
Disease|hematology
Disease|granulomatous tissue formation
Disease|DPH toxicity
Disease|atypical serum cholinesterase
Chemical|phospholipid
Disease|architectural alterations
Chemical|desmopressin
Chemical|periodic acid Schiff
Chemical|anticonvulsants
Chemical|acid phosphatase
Disease|mood
Disease|crescent formation
Disease|increased density
Chemical|5-HT2
Chemical|Alpha-2b/ribavirin
Chemical|dopaminergic
Disease|bigeminy
Chemical|immunoglobulin
Disease|central bitemporal hemianopic scotoma
Chemical|beta-blocking agent
Chemical|beta-2 adrenoceptor
Disease|LP-BM5 MuLV disease
Disease|biochemical abnormalities
Disease|disease course
Disease|pathological
Chemical|gold salts
Disease|cardiovascular
Disease|perceptual alterations
Chemical|azole antifungal agents
Chemical|chloralose-urethane
Disease|Candida glabrata
Disease|short stature
Chemical|isosorbide nitrate
Chemical|sigma2
Chemical|complement
Chemical|bromide
Disease|carcinogen
Chemical|Varidase
Chemical|corn oil
Disease|idiopathic hypersecretion
Chemical|antidepressive
Disease|glomerular filtration
Disease|inattention
Disease|intraocular pressure
Chemical|IBPB
Disease|fibrillations
Chemical|IgG
Disease|elevation of serum creatinine levels
Disease|postural stability
Chemical|NMDA receptors
Disease|constipation-predominant
Disease|ischemic cardiac disease
Chemical|lysosomal
Disease|respiratory
Disease|flashbacks
Chemical|IT MK-801
Disease|malignant lesion
Disease|swollen optic nerve heads
Disease|skeletal myopathies
Chemical|normal saline
Chemical|collagenase
Chemical|N-acylimidazole
Disease|fibrillation
Disease|LES
Chemical|PHA-P
Chemical|C1q
Disease|autoantibodies
Disease|skin softening
Chemical|chemistry
Chemical|IF
Disease|disorientation
Chemical|IgA
Disease|aluminum intoxication
Disease|cystectomy
Disease|gait
Disease|diarrhoea-predominant
Disease|renal function
Chemical|N-methyl-D-aspartic acid
Disease|virologic responses
Disease|optic discs were pale
Disease|central-caecal scotomata
Disease|adverse drug reactions
Disease|metastatic cancer
Disease|Subfertility
Chemical|prolactin
Disease|FPS
Disease|Electrocardiographic T and U wave abnormalities
Disease|anti-HBs
Chemical|adrenergic
Chemical|C4
Chemical|Ca channel blockers
Disease|joint stiffness
Chemical|pertussis toxin
Chemical|L-MED
Chemical|gold thiosulphate
Disease|cardiodepressant activity
Disease|gross haematuria
Chemical|indolamines
Disease|antiparkinsonians
Disease|complication
Disease|carotid occlusion
Chemical|C3
Disease|transaminase elevations
Disease|Allergic interstitial nephritis
Chemical|calcium channel blocker
Disease|hypocellular myelodysplasia
Disease|outcome measures
Disease|subnormal
Disease|primary open-angle glaucoma
Disease|apical hypertrophic cardiomyopathy
Disease|heroin addicts
Disease|granulomatous tissue
Chemical|anticholinergic
Chemical|myeloperoxidase
Disease|UPDRS
Chemical|CYP1A2
Chemical|brain natriuretic peptide
Disease|stenosis
Chemical|antibody
Chemical|anaesthesia
Chemical|alpha-adrenoceptor
Disease|micronodular cirrhosis of the liver
Disease|cranial decompression
Chemical|LH
Disease|chronic abuse
Chemical|zymosan
Disease|hypersegmented myelodysplastic granulocytosis
Disease|rapidly progressive renal failure
Disease|abnormally delayed
Disease|Intervention
Chemical|arterial
Disease|graft loss
Disease|sinus rhythm
Disease|elevated CK levels
Chemical|HVA
Disease|absence of convulsions
Chemical|Proteinase 3
Disease|Hoehn
Disease|ischemic chest pain
Chemical|blood urea
Disease|liver rupture
Chemical|digitalis
Disease|ischemic episodes
Disease|euthyroid
Disease|Nonketotic lactic acidosis
Chemical|Cmax
Chemical|calcium antagonists
Disease|chronic autoimmune thyroiditis
Chemical|multivitamin
Chemical|PROD
Disease|persistent visual deficits
Disease|intraventricular haemorrhage
Disease|mild language delay
Disease|inflammatory reactions
Disease|basal activity
Disease|hearing thresholds
Disease|ST-segment abnormalities
Disease|DATA COLLECTION AND ANALYSIS
Chemical|mPGES-1
Chemical|N-acetyl-beta-D-glucosaminidase
Chemical|5-HT6
Chemical|S-isomer
Disease|mitotic inhibition
Chemical|N-acetyl serotonin
Chemical|aspartate aminotransferase
Chemical|VLDL
Disease|inflammatory infiltrate
Chemical|5-MDOT
Chemical|Creatine kinase
Disease|stage IV NSCLC
Disease|epileptogenic
Chemical|EROD
Chemical|hepatitis B immune globulin
Disease|arterial irregularities
Disease|cardiovascular disorders
Disease|mortality
Disease|thrombotic cardiovascular event
Chemical|troponin I
Disease|hemianopsia
Chemical|lipid
Chemical|superoxide dismutase
Chemical|A antigen
Disease|red eye
Chemical|serotonergic
Disease|hepatic
Chemical|RPN
Disease|heart rate variability
Chemical|epimers
Disease|megakaryocytic myelosis
Disease|pelvic radiotherapy
Disease|junctional rhythm
Chemical|creatinine
Disease|amphetamine abuse
Chemical|hemoglobin
Chemical|NDMA-d
Disease|hypertensive crisis
Disease|aneurysmal SAH
Disease|MAIN RESULTS
Chemical|N-terminal pro brain natriuretic peptide
Disease|Disease Status
Disease|hepatocellular pattern
Disease|hemiballistic movements
Disease|progressive disease
Chemical|SOD
Chemical|tumor necrosis factor-alpha
Disease|kidney perfused
Chemical|idazoxan
Chemical|estrogen
Disease|aberrant thermoregulation
Disease|toxic myopathy
Chemical|ENaC
Chemical|catalase
Chemical|high-sensitive C-reactive protein
Disease|CC
Disease|mixed pattern
Disease|gastrointestinal toxicities
Disease|coronary event
Chemical|cAMP
Chemical|CAT
Disease|breast
Disease|damage
Disease|disease progression
Chemical|transaminase
Chemical|FVIIIRAg
Chemical|CYP3A4
Chemical|this drug
Chemical|glutathione peroxidase
Disease|viral response
Disease|lipid peroxidation
Chemical|GSH
Disease|ischemic
Chemical|DG-5128
Disease|visual halos
Disease|marrow metastases
Chemical|p24 antigenemia
Disease|partial remission
Chemical|UEA1
Disease|ST elevation
Chemical|glutathione transferase
Chemical|NOx
Chemical|e antigen
Disease|adverse cardiac event
Chemical|interleukin 6
Disease|coronary lesions
Chemical|NMDA receptor
Chemical|beta-adrenoceptor
Disease|endothelial cell damage
Disease|blurring
Chemical|antithrombin III
Chemical|glutathione reductase
Disease|chronic extensive GVHD
Disease|End-stage renal damage
Chemical|zinc ions
Disease|nephrectomy
Disease|adverse experiences
Disease|neoantigens
Disease|polyclonal PTLD lung infiltrate
Disease|hemorrhagic fever
Chemical|cerruloplasmin
Disease|hepatic artery thrombosis
Chemical|cubic phases
Chemical|alanine aminotransferase
Chemical|erythropoietin
Chemical|C3 complement
Chemical|BUN
Chemical|PBO
Disease|motor dysfunction
Disease|oxidative DNA damage
Disease|blinding complications
Chemical|mg/m2
Chemical|alpha-GST
Disease|survival
Disease|methamphetamine dependence
Chemical|metoprolol-glucagon
Disease|HIV
Disease|thrombus formation
Chemical|gastrin
Disease|oral aphtous ulcers
Chemical|thrombin
Chemical|D-2 receptor
Chemical|B1R antagonists
Chemical|transforming growth factor-beta1
Chemical|metalloproteinase
Disease|cyanotic congenital heart diseases
Chemical|ROS
Disease|keratoconjunctivitis sicca
Disease|menopausal symptom
Chemical|5-HT1A
Disease|renovascular AEs
Disease|parkinsonian-like
Disease|brain metastases
Disease|progressive disseminated disease
Disease|chemotherapy
Disease|hepatic adenoma
Disease|abnormal behaviors
Disease|central vein thrombosis
Disease|cerebral deep venous thrombosis
Disease|fulminant hepatitis
Disease|postpartum psychosis
Disease|adverse reactions
Disease|delayed neuropathy
Chemical|calcitonin
Disease|nephrotoxicants
Disease|cognitive functions
Disease|symptoms
Disease|postinfarction septal rupture
Disease|arthralgia-myalgia syndrome
Disease|bacterial sinusitis
Disease|immune hemolytic anemia
Disease|Renal transplant
Disease|thrombotic risk
Disease|degeneration
Chemical|Amino acids 5
Disease|HBV-related cirrhosis
Disease|stress
Disease|anxiogenic
Chemical|ED1-ED4
Disease|orofacial dyskinesia
Disease|rosaceiform dermatitis
Disease|essential hypertension
Disease|hyperplastic nodules
Chemical|noradrenergic fibers
Disease|malignant bone tumors
Chemical|NAG
Disease|lesions
Disease|diffuse B-cell gastric lymphoma
Disease|hyperplastic
Disease|metastatic lesions
Disease|proximal tubular damage
Disease|Morphologic damage
Chemical|P450
Disease|chronic tubulointerstitial hypoxia
Disease|exhaustion
Disease|iron overload
Disease|Elevated IOP
Chemical|fruit juices
Disease|hypoperfusion
Chemical|mg/day
Chemical|PAF
Disease|Carcinomas
Disease|high grade disease
Chemical|NMDARs
Chemical|sigma1
Disease|tongue protrusions
Disease|late potentials
Disease|deaths from breast cancer
Chemical|mg/m2/d
Chemical|insulin
Disease|papillary damage
Chemical|cathepsin D
Chemical|microg/ml
Disease|steroid myopathy
Disease|electrophysiological abnormalities
Chemical|substance P antagonist
Disease|left ventricular dilation
Chemical|A-77636
Chemical|d-tubocurarine
Disease|delayed oscillatory potentials
Chemical|alpha-ENaC
Chemical|antithrombin
Chemical|lysozyme
Chemical|acid protease
Disease|concentration defect
Disease|decreased shortening fraction
Chemical|Glucagon
Chemical|L-arginine
Disease|myelomeningocoele
Disease|PR3-ANCA
Chemical|HBIG
Disease|lesion
Disease|decreased ejection fraction
Chemical|Ao
Disease|mild aortic regurgitation
Chemical|AChR
Chemical|CK
Chemical|VIP
Chemical|Hibiscus rosa sinensis roots extract
Chemical|ISG
Chemical|Ringers lactate
Chemical|placebo
Disease|asynergy
Chemical|CGRP
Disease|adenovirus hemorrhagic cystitis
Chemical|VEGF165
Chemical|thallium-201
Chemical|EPO
Chemical|MIC
Chemical|anticholinergic agents
Chemical|Glucocorticoid
Disease|aura symptoms
Chemical|iNOS
Chemical|AChE
Chemical|PTH
Chemical|bFGF antigen
Chemical|5-HTTLPR
Chemical|NGF
Disease|behavioral despair
Chemical|VEGF/VPF
Chemical|TGF-beta1
Disease|impairment
Disease|fetal alcohol exposure
Chemical|SSRI
Chemical|d-amphetamine
Disease|ST
Disease|L1210 TS
Chemical|gellan
Disease|alcohol-related fetal growth impairment
Chemical|Sodium nitroprusside
Chemical|HDL
Chemical|epoetin alpha
Disease|ulcerogenicity
Chemical|apolipoprotein A-I
Chemical|mumol/L
Chemical|calcineurin phosphatase
Chemical|renin
Disease|posterior subcapsular cataracts
Chemical|CPK
Chemical|NOS
Chemical|interleukin-6
Chemical|beta-Blocker
Chemical|Li/DVP
Disease|peripheral nervous system
Chemical|sodium
Disease|Absence seizures
Chemical|nerve growth factor
Disease|abnormal sensory/motor behaviors
Chemical|noradrenergic
Chemical|NAG isoenzyme
Disease|Diffuse large B-cell gastric lymphoma
Chemical|aspartate
Chemical|platelet-activating factor
Chemical|angiotensin
Disease|human immunodeficiency virus
Chemical|H
Disease|lesioned
Chemical|cranberry juice
Disease|myocardial underperfusion
Chemical|sigma1 receptors
Disease|L1210
Disease|gastrointestinal side effects
Chemical|protein
Chemical|antigen
Disease|urinary concentration defect
Chemical|Cl
Chemical|Ca
Chemical|glucose
Disease|Drug Addiction
Chemical|SSRIs
Chemical|chloride
Chemical|bFGF
Chemical|iNOS antigen
Chemical|creatine phosphokinase
Chemical|ED
Disease|Amiodarone pulmonary toxicity
Disease|sinus bradycardia
Disease|tubulointerstitial hypoxia
Chemical|acid
Disease|delayed 30-Hz flicker b waves
Disease|ANCA
Chemical|5-hydroxytryptamine1a
Chemical|P450 monooxygenases
Disease|vacuous chewing movements
Disease|aura
Disease|thromboembolic risk
Disease|hypertensive coronary disease
Chemical|calcitonin gene-related peptide
Chemical|Calcineurin
Chemical|rHuEPO
Chemical|IL-6
Chemical|oral contraceptive steroids
Chemical|P
Chemical|anticoagulation
Chemical|opioid analgesics
Chemical|tricyclic antidepressant
Chemical|fenfluramine-phentermine
Chemical|angiotensin-converting enzyme inhibitor
Chemical|cytochrome P450s
Chemical|ACEI
Chemical|tacrolimus ointment
Chemical|STZ-icv
Chemical|beta-agonist
Disease|Hepatic adenomas
Disease|pyeloureteral filling defects
Disease|cerebral venous thrombosis
Disease|tricuspid valve involvement
Disease|impaired learning
Disease|extrapyramidal side effects
Disease|serotonin excess
Disease|perfusion defects
Disease|chronic tension-type headache
Disease|neurobehavioral toxicity
Disease|Tubular injury
Disease|side effects
Disease|cardiovascular risk
Chemical|EU
Chemical|Na channels
Chemical|caspase 3
Chemical|Ca channels
Chemical|D2R
Chemical|Fas ligand
Chemical|PARP
Chemical|DOC
Chemical|inflammatory mediators
Chemical|ACE
Chemical|chemotherapy
Chemical|CC
Chemical|HT
Disease|adverse renal effects
Disease|ND-NMBA
Disease|morbidity
Disease|psychiatry
Disease|cardiotoxicity
Disease|kidney perfused with uric acid
Disease|Leukemogenic effects
Disease|cytotoxic chemotherapy
Disease|overload
Disease|visual acuity
Disease|alterations
Disease|idiopathic dystonia
Disease|architectural alterations of interlobular bile ducts
Disease|postnatal mortality
Disease|radiocontrast nephropathy
Disease|catheterization abnormalities
Disease|positive culture
Disease|tumor angiogenesis
Disease|remissions
Disease|Heroin dependence
Disease|disturbed
Disease|convulsant
Disease|CA3 cell loss
Disease|abnormally delayed photopic b wave
Disease|memory processes
Disease|lethality
Chemical|P450 2B1/2B2
Disease|Neurotaoxic
Disease|carcinoma
Disease|epithelial hyperplasia
Disease|carcinogenic
Disease|squamous cell papilloma
Disease|myocardial lesions
Disease|analgesia
Disease|renal tubular dysfunction
Disease|Neurotoxic
Disease|anxiogenic effects
Disease|nephrotoxic effects
Disease|lethargy
Disease|acidosis
Disease|eosinophilia
Disease|metabolic-endocrine failure
Disease|disorder of amino acid metabolism
Disease|cardiac complications
Disease|psychiatric
Disease|antiparkinsonian
Disease|toxicities
Disease|carcinogenesis
Disease|pain syndrome
Disease|leukemia
Disease|chronic disease
Disease|impaired learning and memory
Disease|breast cancer
Disease|haemopericardium
Disease|haemorrhage
Disease|hemolysis
Disease|lower BMD
Disease|cardiac toxicity
Disease|cardiovascular toxicity
Disease|Halothane hepatitis
Disease|renal abnormality
Disease|diffuse crystallization of uric acid
Disease|autoimmune disease
Disease|toxic effects
Disease|valvular heart disease
Disease|Excitotoxicity
Disease|neurodegeneration
Disease|thromboembolic complications
Disease|inflammation
Disease|Spinal cord ischemia
Disease|cataleptic effects
Disease|cytotoxicity
Disease|myelosuppression
Disease|sedative effects
Disease|psychotic disorder
Disease|conduction delay
Disease|movement disorders
Disease|neurological abnormalities
Disease|glutamatergic dysfunction
Disease|cardiopulmonary arrest
Disease|endocrinological
Disease|gastrointestinal toxicity
Disease|hematomas
Disease|ketamine catatonia
Disease|cardiovascular and central nervous system toxicity
Disease|movement disorder
Disease|postoperative convulsive seizures
Disease|muscle wasting
Disease|schizophrenia
Disease|Parkinson's disease
Disease|zidovudine-related side effects
Disease|Fatal excited delirium
Disease|inhibition of lactation
Disease|respiratory depression
Disease|affection of the musculoskeletal system
Disease|hypomagnesemia
Disease|Variations
Disease|neurotoxic lesions
Disease|Alzheimer
Disease|coronary heart disease
Disease|fetal anomalies
Disease|vasoconstriction
Disease|infection
Disease|Brainstem dysgenesis
Disease|metabolic acidosis
Disease|Hepatonecrosis
Disease|Abortion
Disease|neurologic impairment
Disease|hyperuricemia
Disease|numbness
Disease|impairments of learning and memory
Disease|muscular irritability
Disease|chronic iron overload
Disease|kidney dysfunction
Disease|alterations in taste and smell function
Disease|jaundice
Disease|deterioration of vision
Disease|hemorrhagic strokes
Disease|subintimal fibrosis
Disease|loss of vision
Disease|hamartoma
Disease|Fanconi syndrome
Disease|neurological diagnosis
Disease|cardiogenic shock
Disease|long QT syndrome
Disease|bitemporal hemianopia
Disease|cardiac and skeletal myopathies
Disease|encephalopathic
Disease|hearing reduction
Disease|Papillomas
Disease|abnormal
Disease|tongue swelling
Disease|sweating
Disease|bladder dysfunction
Disease|liver lesions
Disease|psychopathology
Disease|congenital heart disease
Disease|tolerance
Disease|cardiac disease
Disease|bone marrow hypoplasia
Disease|stable angina
Disease|ocular toxicity
Disease|hypertrophy
Disease|muscle flaccidity
Disease|seizure disorder
Disease|tachyarrhythmias
Disease|heart disease
Disease|hypercoagulability
Disease|bicuspid aortic valve
Disease|pulmonary interstitial infiltrates
Disease|complications
Disease|cardiac
Disease|akinetic
Disease|infectious mononucleosis
Disease|bronchiolitis obliterans
Disease|aphtous ulcers
Disease|pneumonia
Disease|respiratory arrest
Disease|agitation
Disease|neurodegenerative diseases
Disease|paralysis
Disease|Skin reactions
Disease|corticosteroid glaucoma
Disease|inflammatory visceral pain
Disease|skin lesion
Disease|tension-type headache
Disease|atherosclerosis
Disease|DOX cardiomyopathy
Disease|purpura
Disease|renal disease
Disease|urticaria
Disease|axonal degeneration
Disease|Loss of kidney function
Disease|glycosuria
Disease|coronary artery disease
Disease|migraineurs
Chemical|bioactive compound
Chemical|exogenous sex hormones
Chemical|lysosomal enzymes
Chemical|anxiogenic drugs
Chemical|catecholaminergic
Chemical|neuroleptic
Chemical|disease modifying anti-rheumatic drugs
Chemical|oxidant
Chemical|3-hydroxy-3 methylglutaril coenzyme A reductase inhibitor
Chemical|chemotherapeutics
Chemical|calcineurin inhibitor
Chemical|tocolytics
Chemical|cytotoxic drugs
Chemical|female sex hormones
Chemical|pharmacotherapeutic agents
Chemical|opioids
Chemical|diet medications
Chemical|opioid
Chemical|blood pressure
Chemical|anticoagulants
Chemical|substance P
Chemical|platinum ion
Chemical|cytotoxic chemotherapy
Chemical|Halogenated anesthetics
Chemical|Diuretics
Chemical|contrast medium
Chemical|psychotropic drugs
Chemical|local anesthetics
Chemical|anticholinergic drugs
Chemical|beta-adrenoceptor antagonists
Chemical|NP
Chemical|opiate
Chemical|chemotherapeutic agents
Chemical|Antidepressants
Chemical|coumarin-derived anticoagulants
Disease|calcium phosphate nephrolithiasis
Disease|hypersensitivity condition
Disease|cardiovascular adverse events
Disease|dystonia-like syndrome
Disease|convulsive seizures
Disease|red blood cell count decrease
Disease|mean cell volume increase
Disease|granulocyte count decrease
Disease|prostate carcinogenesis
Disease|cardiac manifestations
Disease|non-ST-elevation myocardial infarction
Chemical|iodinated contrast medium
Chemical|opiate agonists
Chemical|psycho-active drugs
Chemical|narcotic
Chemical|Antifibrinolytic
Chemical|DXNP
Chemical|stimulant drug
Chemical|dihydropyridine calcium antagonists
Disease|asymptomatic microscopic haematuria
Disease|corticosteroid myopathy
Disease|seizure activity
Disease|tumorigenesis
Disease|cardiotoxic effects
Disease|renal functional and structural
Chemical|glucocorticoids
Chemical|drugs
Chemical|macrolide antimicrobials
Chemical|nonionic contrast media
Chemical|CyA
Chemical|TDI
Chemical|All-trans-retinoic acid
Disease|submucosal hemorrhage
Disease|cardiac syndrome
Disease|Respiratory failure
Disease|nonketotic hyperglycinemia
Disease|thyroid illness
Disease|valvular abnormalities
Disease|Pneumocystis carinii pneumonia
Disease|head trauma
Disease|tricuspid regurgitation
Disease|steroid glaucoma
Disease|primary open angle glaucoma
Disease|thromboembolic episodes
Disease|hypertrophic cardiomyopathy
Disease|Failure of kidney function
Chemical|cyanoacrylate
Chemical|citrate
Chemical|glycinamide ribonucleotide
Chemical|PRL
Chemical|anthracycline
Chemical|magnesium
Chemical|vitamin D
Chemical|uric acid
Chemical|trifluoroacetyl
Chemical|anthracyclines
Chemical|Aminoglycoside
Chemical|acetylcholine
Chemical|bile acid
Chemical|doxorubicinol
Chemical|steroids
Chemical|amines
Chemical|RAPA
Chemical|deoxycholic acid
Chemical|barbiturate
Chemical|dexfenfluramine
Chemical|purine
Chemical|RA
Chemical|glutamate
Chemical|tenofovir
Chemical|NMDA
Chemical|macrolides
Chemical|aldosterone
Chemical|phosphate
Chemical|fluoroquinolones
Chemical|benzamide
Chemical|oxazolidine
Chemical|macrolide
Chemical|histamine
Chemical|coumarin
Chemical|benzodiazepines
Chemical|gaba
Chemical|benzisoxazole
Chemical|thymidine
Chemical|5-ht
Chemical|potassium
Chemical|penicillins
Chemical|cephalosporins
Chemical|formalin
Chemical|prostaglandin e
Chemical|prostaglandin
Chemical|KCl
Chemical|vecuronium
Chemical|adenosine diphosphate
Chemical|pindolol
Chemical|platinum
Chemical|acetic acid
Chemical|physostigmine
Chemical|atenolol
Chemical|alanine
Chemical|MK-801
Chemical|benzodiazepine
Chemical|adp
Chemical|dihydropyridine
Chemical|poly-L-lactid acid
Chemical|aminoglycosides
Chemical|cycloheximide
Chemical|superoxide
Chemical|tachykinins
Chemical|phenothiazines
Chemical|iron
Chemical|norepinephrine
Chemical|DFMO
Chemical|PCPA
Chemical|atp
Chemical|amphetamines
Chemical|triglycerides
Chemical|5-hiaa
Chemical|nitrite
Chemical|rauwolscine
Chemical|amino acid
Disease|impaired cognitive functions
Disease|tumors
Disease|cancer
Disease|sleep deprivation
Disease|rosacea
Disease|omd
Disease|megaloblastosis
Disease|cva
Disease|behavioral disorders
Chemical|amine
Chemical|stimulant
Chemical|difluoromethylornithine
Chemical|N-methyl-D-aspartate
Chemical|parachlorophenylalanine
Chemical|prostaglandins
Chemical|retinyl acetate
Chemical|glycine
Chemical|3-hydroxy-n-methylmorphinan
Chemical|nitrates
Disease|tumor
Disease|thyroid disease
Disease|valvular disease
Disease|Staphylococcus aureus bacteremia
Disease|prolonged weakness
Disease|Tricuspid valve regurgitation
Disease|rupture
Disease|atypical nonketotic hyperglycinemia
Disease|apnea
Disease|hypotonia
Disease|ventricular dysrhythmias
Disease|glomerular damage
Disease|elastosis perforans serpiginosa
Disease|renal insufficiency
Disease|open angle glaucoma
Disease|facial dermatitis
Disease|advanced disease
Chemical|glutamic acid
Chemical|catecholamines
Disease|cancers
Disease|valvulopathy
Disease|pathological behavior
Disease|ventricular tachyarrhythmias
Disease|thromboemboli
Disease|disorder
Disease|infections
Disease|epileptic seizures
Disease|gynecologic tumors
Chemical|AUC
Chemical|N-methylmorphinan
Chemical|hormone therapy
Chemical|injection
Chemical|pineal idolamines
Chemical|dopaminergic D2
Chemical|dopamine-1
Chemical|lysosomal proteases
Chemical|chemotherapy agents
Chemical|ovarian steroids
Chemical|5HT1A
Chemical|reactive oxygen species
Chemical|mg
Chemical|HAART
Chemical|CYP3A4 inhibitors
Chemical|neurotransmitters
Chemical|micrograms/kg
Chemical|pain killers
Chemical|high-dose treatment
Chemical|platelet
Chemical|CB 3717 polyglutamates
Chemical|narcotic agent
Chemical|lithium compounds
Chemical|contaminant
Chemical|antifibrinolytic agent
Chemical|thiazide diuretics
Disease|cranial pain
Disease|spontaneous respiration
Disease|Liver transplantation
Disease|minor motor seizures
Disease|autoimmune processes
Disease|poorer fetal outcomes
Disease|internal haemorrhage
Disease|active hepatitis
Disease|thyroid-stimulating hormone
Disease|cardiac depressant actions
Disease|yawning
Disease|Normal reflexes
Disease|cocaine-related deaths
Disease|incidence
Disease|urticaria/angioedema
Disease|retrocollis
Disease|squealing
Disease|head bobbing
Disease|painful sensation
Disease|circling
Disease|steroid therapy
Disease|abnormal posturing
Disease|facial twitching
Disease|trigeminal transmitted pain
Disease|cutaneous tolerability problems
Disease|Postinfarction ventricular septal defect
Disease|doxorubicin nephrosis
Disease|sensory signs and symptoms
Disease|neuropathic complaints
Disease|isoniazid neuropathy
Disease|epileptogenic properties
Disease|Long-term lithium treatment
Disease|Acute low back pain
Disease|stimulant psychosis
Disease|toxic effect
Disease|elevated serum transaminases
Disease|distal tubular acidification defect
Disease|cerebral reactions to drug toxicity
Disease|peripheral iron overload
Disease|epileptic foci
Disease|rebound
Disease|cardiac oxidative stress
Disease|Peripheral edema
Disease|dependent edema
Disease|grip force excess
Disease|tacrolimus side effects
Disease|Recurrent dysosmia
Disease|Focal nodular hyperplasia of the liver
Disease|auditory disturbance
Disease|rosacea-like dermatitis
Disease|Prolonged paralysis
Disease|vigabatrin-attributed visual field constriction
Disease|Cyclophosphamide associated bladder cancer
Disease|vigabatrin-attributed visual field loss
Disease|deficit
Disease|Reverse Takotsubo cardiomyopathy
Disease|cyclophosphamide associated urothelial cancer
Disease|Transient left ventricular apical ballooning syndrome
Disease|transitional cell carcinoma
Disease|anesthetic
Disease|proliferative response
Disease|haematological toxicity
Disease|gentamicin toxicity
Disease|ethambutol-associated toxic optic neuropathy
Disease|anginal attacks
Disease|electrocardiographic
Disease|regeneration of the damaged muscle fibers
Disease|adverse interaction
Disease|cerebral white matter
Disease|rigor
Disease|Delayed leukoencephalopathy
Disease|parkinsonian-like muscle rigidity
Disease|toxic leukoencephalopathy
Disease|obtundation
Disease|Hypersensitivity myocarditis
Disease|chronic nephrotoxicity
Disease|remission
Disease|myometrial invasion
Disease|invasion
Disease|cardiological
Disease|flaccid
Disease|toxic effects on the peripheral nervous system
Disease|neurotoxic effects
Disease|vasodilating effect
Disease|cardiovascular thrombotic events
Disease|myocardial cell apoptosis
Disease|progressive deterioration of vision
Disease|cardiovascular effects
Disease|antiproliferative toxicities
Disease|ECG
Disease|antitumor
Disease|AAS
Disease|histopathologic features
Disease|cardiac morbidity
Disease|type IIb fiber atrophy
Disease|Cholinergic toxicity
Disease|clinical and biochemical abnormalities
Disease|Acute confusion
Disease|perioperative seizures
Disease|peripheral anaemia
Disease|cardiac tissue
Disease|acquired long QT syndrome
Disease|toxic neurological manifestations
Disease|inflammation of the liver capsule
Disease|Potassium depletion
Disease|cardiac involvement
Disease|normal ejection fraction
Disease|ammonia coma
Disease|heart tissue damage
Disease|SVR
Disease|polymorphic ventricular tachycardia
Disease|chronic liver damage
Disease|RNFL
Disease|decremental response
Disease|intracranial hematoma
Disease|intracranial surgery
Disease|AAP hepatitis
Chemical|local anesthetic
Chemical|PG
Chemical|tricaine
Chemical|guanosine
Chemical|DA
Chemical|substance abuse
Chemical|K
Chemical|eye drops
Chemical|diatrizoate
Chemical|Imipenem
Chemical|penicillin
Chemical|Cyproterone acetate
Chemical|GARFT inhibitor
Disease|mitral regurgitation
Disease|hearing threshold
Disease|tacrolimus-related adverse effects
Disease|noncaseating epithelioid granulomatous tissue formation
Disease|generalized tonic clonic seizure
Disease|purpuric lesions
Disease|cardiovascular impairments
Disease|SBP
Disease|Cerebral sinus thrombosis
Disease|Severe immune hemolytic anemia
Disease|stereotypies
Disease|allergic-type hepatic injury
Disease|tubulointerstitial injury
Disease|autoimmune diseases
Disease|migraine with aura
Disease|Tac toxicity
Chemical|NSAIDs
Disease|thrombotic events
Disease|cardiac outcomes
Disease|potassium wasting
Disease|pulmonary edema
Disease|PB-related asymptomatic chronic hepatic enzyme dysfunction
Disease|sustained virological response
Disease|Autoimmune hemolytic anemia
Chemical|ammonium salt
Chemical|folate
Disease|seizure-related mortality
Disease|lesions of the substantia nigra
Disease|heparin-dependent platelet membrane antibody
Disease|Arterial thromboembolism
Disease|disease
Disease|cataracts
Disease|leukocytoclastic vasculitis
Disease|LV
Disease|rheumatologic diseases
Disease|paranoid type schizophrenia
Disease|membranous glomerulonephritis
Disease|Dermatomyositis
Disease|neurological development
Disease|A
Chemical|nonsteroidal anti-inflammatory drugs
Disease|Ethambutol-associated optic neuropathy
Disease|microscopic haematuria
Disease|ALF neutrophils
Disease|anthracycline cardiomyopathy
Disease|renal sodium excretion
Disease|cardiac rhythm
Disease|Acute renal toxicity
Disease|rapidly progressive glomerulonephritis
Chemical|Dextran-etodolac conjugates
Chemical|prostigmine-morphine
Chemical|CPA/EE
Chemical|serum
Chemical|multidrug therapy
Chemical|mg/dL
Chemical|hormonal therapy
Chemical|antacid
Chemical|heparin
Chemical|VEGF
Chemical|hepatitis B surface antigen
Chemical|interferon
Chemical|monoamine oxidase inhibitor
Chemical|anesthetics
Disease|not otherwise specified psychotic disorder
Disease|toxic optic neuropathy
Disease|loss of central visual acuity
Disease|mild disturbance of AV conduction
Disease|conversion
Disease|concentric constriction
Disease|renal tubule
Disease|subnormal Arden electro-oculography indices
Disease|analgesic
Disease|antiinflammatory
Disease|arterial thrombosis
Disease|Warfarin-associated intracerebral hemorrhage
Disease|succinylcholine apnoea
Disease|peripheral neuropathy
Disease|ovulation induction
Disease|borderline
Disease|gradual loss of vision
Disease|mild glycosuria
Disease|lesioned animals
Disease|mild hypotension
Disease|aborted
Disease|bilaterally swollen optic nerve heads
Disease|oxidative stress process
Disease|veno-occlusive disease
Disease|block
Disease|adverse drug reaction
Disease|epileptic onset
Disease|renal tissue
Disease|transient visual disturbances
Disease|perioperative renal function
Disease|cardiopulmonary resuscitation
Disease|metabolic derangement
Disease|generalized seizures
Disease|markedly thickened antrum of the stomach
Disease|hyperalgesia
Disease|renal failure
Disease|pathological conditions
Disease|torsadogenic
Disease|chronic urticaria
Disease|NS
Disease|type IIb atrophy
Disease|estrogen carcinogenesis
Disease|puromycin aminonucleoside nephrosis
Disease|elevated cardiac enzymes
Disease|Mitomycin C associated hemolytic uremic syndrome
Disease|cardiac surgical procedures
Disease|METH neurotoxicity
Chemical|VPF
Chemical|prostaglandin synthetase inhibitors
Chemical|tricyclic antidepressant drugs
Disease|chiasmopathy
Disease|myopathy of the lower limbs
Disease|desipramine toxicity
Disease|ADC abnormalities
Disease|apoptotic
Disease|potassium deficit
Disease|adverse effect
Disease|chronic liver disease