Chemical|cannabinoid receptors
Chemical|gamma-radiation
Chemical|organochalcogens
Chemical|nerve agent
Chemical|human nuclear receptors
Chemical|phytochemicals
Chemical|alpha 2u-globulin
Chemical|artificial sweeteners
Chemical|electron
Chemical|hexavalent chromium
Chemical|2-itx
Chemical|chromate
Chemical|sodium channel blockers
Chemical|dopaminergic
Chemical|salts
Chemical|lipid peroxidation
Chemical|androgen
Chemical|airborne pollutants
Chemical|glutamatergic
Chemical|chemotherapeutic agents
Chemical|cosmetics
Chemical|arsenic compounds
Chemical|glucocorticoids
Chemical|environmental substances
Chemical|xenobiotics
Chemical|protein
Chemical|tch
Chemical|cat ionic compounds
Chemical|ods
Chemical|endobiotics
Chemical|toxins
Chemical|rrna
Chemical|1,4-bq
Chemical|mg/kg/day
Chemical|anti-leprosy drugs
Chemical|ddc
Chemical|cigarette
Chemical|estrogenic environmental contaminants
Chemical|tar
Chemical|lactate dehydrogenase
Chemical|iap antagonists
Chemical|nadph oxidase
Chemical|nitrogen oxides
Chemical|aroclor 1260
Chemical|no
Chemical|cytochrome p4502e1
Chemical|soluble receptor activator of nuclear factor-kappab ligand
Chemical|mg/kg
Chemical|eih
Chemical|m4
Chemical|nerve agents
Chemical|xo
Chemical|autophagic inhibitors
Chemical|mapks
Chemical|pancreatic lipase
Chemical|fungicide
Chemical|m6
Chemical|po
Chemical|pesticide
Chemical|carboxymethycellulose sodium
Chemical|hshfd
Chemical|bisphenol e
Chemical|pod
Chemical|hpo
Chemical|m1
Chemical|m3
Chemical|radiation
Chemical|oxidants
Chemical|malp-2
Chemical|proteases
Chemical|particles
Chemical|4-hydoxytamoxifen
Chemical|cse
Chemical|cannabis
Chemical|toxicant
Chemical|wood smoke particulate
Chemical|mn
Chemical|keap1-nrf2
Chemical|drugs
Chemical|acetylcholinesterase inhibitors
Chemical|polyphenolic antioxidants
Chemical|roundup
Chemical|pesticides
Chemical|ma
Chemical|4-itx
Chemical|manganese/zinc ethylene bis-dithiocarbamate
Chemical|silver nanoparticles
Chemical|zinc
Chemical|t4
Chemical|oa
Chemical|anti-diabetic drugs
Chemical|inh
Chemical|particulate matter
Chemical|cigarettes
Chemical|aconitum alkaloids
Chemical|la
Chemical|tppu
Chemical|glucocorticoid
Chemical|2,4-diethyl-tx
Chemical|f0 imz
Chemical|gamma-hbcd
Chemical|np-h-hshfd
Chemical|cadmium telluride quantum dots
Chemical|bisphenol af
Chemical|nsaids
Chemical|7-ketosterol
Chemical|e2
Chemical|drug
Chemical|mske
Chemical|aa
Chemical|nonsteroidal anti-inflammatory drug
Chemical|chemokines
Chemical|17ss-estradiol
Chemical|beta-hbcd
Chemical|nano-tio2
Chemical|th active chemicals
Chemical|cdte-qds
Chemical|nsaid
Chemical|hbcd
Chemical|op
Chemical|latanoprost
Chemical|prg
Chemical|phytosterol oxides
Chemical|ca
Chemical|lead
Chemical|7-ketosterols
Chemical|potentially nephrotoxic drugs
Chemical|cox-2 inhibitors
Chemical|glucose-regulated protein 75
Chemical|herbicide
Chemical|kml001
Chemical|epo a
Chemical|px
Chemical|epo b
Disease|prenatal developmental toxicity
Disease|apoptosis
Disease|periodontal regeneration
Disease|neuroprotection
Disease|iron deficiency
Disease|late resorptions
Disease|vascular permeability
Disease|obese phenotype
Disease|iron restricted erythropoiesis
Disease|decreases in fetal weight
Disease|gamma-glutamyltraspeptidase-positive foci
Disease|hypoalgesia
Disease|micrognathia
Disease|digits shortened/absent
Disease|leptin resistance
Disease|breast epithelial cells
Disease|moribundity
Disease|oxidant
Disease|lipid metabolism disruption
Disease|apoptosis/necrosis
Disease|systemic inflammatory response
Disease|carcinogenicity
Disease|hypocholesterolemic
Disease|heat stroke
Disease|cardiac pathological remodeling
Disease|endocrine-disrupting effects
Disease|tissue damage
Disease|disease treatment
Disease|cytotoxic effects
Disease|malformation
Disease|inflammatory
Disease|hepatocyte proliferation
Disease|anxiolytic
Disease|flushing response
Disease|hepg2
Disease|diseased brain
Disease|hepatic effects
Disease|transformation
Disease|dna damage
Disease|seizure/status epilepticus
Disease|hepatocellular
Disease|pph
Disease|hdn
Disease|apoptotic cell death
Disease|apoptotic
Disease|fibrogenesis
Disease|diabetes related osteoporosis
Disease|cardiac beriberi
Disease|neuronal excitotoxicity
Disease|neurotoxic effects
Disease|diaphragmatic defects
Disease|cit cardiotoxicity
Disease|neurodegenerative
Disease|adverse effects
Disease|renal effects
Disease|head-twitching
Disease|tumorigenesis
Disease|hepatocyte necroptosis
Disease|malignant cell transformation
Disease|adverse human health effects
Disease|nephroprotective
Disease|maternal immune activation
Disease|syndrome
Disease|yolk sac edema
Disease|gastric mucosa
Disease|histological damage
Disease|bph
Disease|chronic exposure
Disease|developmental delay
Disease|itch
Disease|hepatic steatosis
Disease|antineoplastic
Disease|nephroncarcinogenic
Disease|bone metabolism-related diseases
Disease|barrier dysfunction
Disease|iron overload liver injury
Disease|sensitive skin
Disease|gionfh
Disease|uc
Disease|reproductive disorders
Disease|genotoxic effects
Disease|lipid malnutrition
Disease|hormone-related cancers
Disease|cns damage
Disease|oxidative damage
Disease|lipoperoxidation
Disease|ka
Disease|warburg effect
Disease|dysregulation of energy metabolism
Disease|human disease
Disease|skeletal toxicity
Disease|neurodegenerative effects
Disease|hepatocyte steatosis
Disease|nonatopic eczema
Disease|aeds
Disease|cytotoxic
Disease|ipf
Disease|membrane damage
Disease|neurocyte damage
Disease|toxicant-associated liver disease
Disease|hypospadiac
Disease|thyroid hormone effects
Disease|hepato-toxicological
Disease|hela
Disease|antinociceptive
Disease|adverse health effects
Disease|uterotrophic response
Disease|nephrotoxicant
Disease|histopathological
Disease|nephrocarcinogenic
Disease|glucocorticoid resistance
Disease|lipotoxicity
Disease|manganism
Disease|cardiovascular system
Disease|nerve agent toxicity
Disease|autophagy
Disease|er stress
Disease|inflammatory edema
Disease|np-h
Disease|harvey-bradshaw index
Disease|relapse
Disease|hypoxia-related inflammation
Disease|er-positive
Disease|cardiac
Disease|mycoplasmal pneumoniae
Disease|iav
Disease|asthma exacerbation
Disease|chronic disease
Disease|delays sexual development
Disease|alters reproduction
Disease|diarrhetic shellfish poisoning
Disease|chemical kindling
Disease|impair liver function
Disease|addiction
Disease|placental insufficiency
Disease|fetal growth restriction
Disease|allostatic atrophy
Disease|disrupted sex hormone
Disease|hepatocarcinoma
Disease|canceration
Disease|hl60
Disease|diseases
Disease|drug-resistance
Disease|vacuolar degeneration of adrenal gland
Disease|vascular inflammatory diseases
Disease|dn
Disease|op toxicity
Disease|dopaminergic neurotoxicity
Disease|dysvascularization
Disease|antitumor
Disease|oxidant-sensitive signals
Disease|reproductive and developmental toxicity
Disease|carcinogen
Disease|fatal intoxications
Disease|liposis of cervical muscles
Disease|liver lesions
Disease|cardiotoxicant
Disease|aan
Disease|tumourigenesis
Disease|cardiac remodeling
Disease|zd
Disease|oral tetramethylenedisulfotetramine poisoning
Disease|pq intoxication
Disease|nociceptive symptoms
Disease|eryptosis
Disease|endometriotic inflammatory microenvironment
Disease|chronic poisoning of arsenic
Disease|ocular hemodynamics
Disease|nephrotoxic effects
Disease|hepatocyte cell death
Disease|renal function
Disease|kidney tissue damage
Disease|hepatic
Disease|renal tissue damage
Disease|aes
Disease|motor deficits
Disease|striatal oxidative stress
Disease|motor impairment
Disease|motor coordination dysfunction
Chemical|complement components
Chemical|pdgf-bb
Chemical|m1-microglial
Chemical|nitric-oxide
Chemical|liraglutide
Chemical|dsp toxin
Chemical|eluforsen
Chemical|lipid aldehydes
Chemical|linuron
Chemical|estrogens
Chemical|aggrecan
Chemical|osteocalcin
Chemical|amyloid
Chemical|hc 030031
Chemical|pel
Chemical|roundup solution
Chemical|noael
Chemical|epoxy fatty acids
Chemical|ck
Chemical|pm2.5
Chemical|sim
Chemical|3-ma
Chemical|telopeptides of collagen i
Chemical|ficz
Chemical|adenosine monophosphate
Chemical|pai-1 antigen
Chemical|2'-o-me
Chemical|annexin-v-fitc
Chemical|immunoglobulin e
Chemical|calcitonin
Chemical|thiobarbituric acid-reactive substance
Chemical|low-density lipoprotein cholesterols
Chemical|fluo-3/am
Chemical|prostaglandin synthase e2
Chemical|alpha7-nicotinic acetylcholine receptor
Chemical|collagen iv
Chemical|diclofop
Chemical|ng/ml
Chemical|hypersensitive c-reactive protein
Chemical|hdl-c
Chemical|ldl-c
Chemical|p38 kinase
Chemical|cl-
Chemical|cortisol
Chemical|urea nitrogen
Chemical|gsh/gssg
Chemical|mppara
Chemical|bd 1047
Chemical|pyridoxal kinase
Chemical|cytokine
Chemical|perfluorinated chemicals
Chemical|pi3-k inhibitors
Chemical|gsh-px
Chemical|phosphoenolpyruvate carboxykinase
Chemical|methylmercury
Chemical|(e)-1-(3,4-dihydroxyphenethyl)-3-(4-hydroxystyryl)urea
Chemical|et-1
Chemical|ppar-gamma agonist
Chemical|malonaldehyde
Chemical|pancaspase inhibitor
Chemical|5-ht(2a)
Chemical|a-438079
Chemical|inhibitor-187
Chemical|diglycidyl ether
Chemical|hg
Chemical|cinobufacini
Chemical|(phte)(2)
Chemical|aloe emodin
Chemical|environmental chemicals
Chemical|fa
Chemical|d(2)
Chemical|gla-oc
Chemical|alphagst
Chemical|poly(adp-ribose)
Chemical|psncbam1
Chemical|5-ht(2b)
Chemical|mfa
Chemical|vd
Chemical|cdte-qd
Chemical|zd
Chemical|chemicals
Chemical|fauc 213
Chemical|statin
Chemical|grp75 protein
Chemical|na2seo3
Chemical|mimic-187
Chemical|[ca2+]i
Chemical|nano-titanium dioxide
Chemical|adp-ribose
Chemical|sglc
Chemical|p(i)
Disease|hyperleptinemia
Disease|sensitive skin reaction
Disease|vitamin d3 deficiency
Disease|epithelial to mesenchymal transition
Disease|metastasis
Disease|tumor formation
Disease|body weight loss
Disease|pulmonary fibrogenesis
Disease|iron overload
Disease|lymphoma
Disease|cell transformation
Disease|testicular fibrosis
Disease|turbid and whitish urine
Disease|red blood cell
Disease|increased serum alanine aminotransferase
Disease|ed
Disease|multidrug resistance
Disease|lesion
Disease|os
Disease|mild cognitive declination
Disease|pyknosis/atrophy of hippocampal neurons
Disease|tremulousness
Disease|anaphylaxis
Disease|failing ventricular myocardium
Disease|neuroinflammatory diseases
Disease|autophagic dysregulation
Disease|mn toxicity
Disease|da toxicity
Disease|oxidative toxicity
Disease|hypoglycemic
Disease|endocrine disruptors
Disease|ovcar-3
Disease|soman poisoning
Disease|cf
Disease|sca 6
Disease|neurodegenerative process
Disease|amyloidosis
Disease|oa
Disease|autosomal recessive mutations
Disease|early cardiac dysfunctions
Disease|hyaline droplet nephropathy
Disease|perimyocarditis
Disease|excitotoxicity
Disease|autophagic death
Disease|st-segment elevation
Disease|teratogenicity
Disease|endothelial cellular damage
Disease|osteotomy
Disease|stereotype
Disease|primary pulmonary hypertension
Disease|motor activity disturbances
Disease|parkinsonian
Disease|complex i
Disease|osteonecrosis of the femoral head
Disease|cardiovascular
Disease|cardiovascular risk
Disease|hypogonadism
Disease|suicidal erythrocyte death
Disease|fip1l1-pdgfra
Disease|hcc
Disease|kindling
Disease|inflammatory mononuclear infiltrates
Disease|virilization
Disease|ir
Disease|microsomal prostaglandin e synthase 2 deficiency
Disease|hepatic triglyceride content
Disease|h1n1pdm
Disease|h7n9 iav
Disease|liposis
Disease|cell membrane integrity
Disease|alzheimer's
Disease|apopotis
Disease|lsec destruction
Disease|myocardial apoptosis
Disease|ischemia-reperfusion
Disease|pain hypersensitivity
Disease|deficit
Disease|leukemogenic
Disease|vascular inflammatory responses
Disease|inhibited growth
Disease|retarded gonadal development
Disease|atrophy
Disease|hyperpermeability
Disease|mitochondrial toxicity
Disease|resistance
Disease|ros-dependent cell death
Disease|programmed cell death
Disease|uterotrophic assay
Disease|aerodynamic syndrome
Disease|intoxications
Disease|adverse physiological effects
Disease|toxic pollutant
Disease|fibrotic features
Disease|atretic follicles
Disease|cell invasion
Disease|experimental autoimmune encephalomyelitis
Disease|impairs
Disease|diseases of pregnancy
Disease|ovariectomized
Disease|dentin hypersensitivity
Disease|type 2 diabetes
Disease|anxiolytic effect
Disease|vd
Disease|damage
Disease|human uterine leiomyoma
Disease|glucose intolerance
Disease|polyploid cells
Disease|gram-negative bacterial infection
Disease|reperfusion injury
Disease|hcv
Chemical|mir-187-3p
Chemical|methyl ferulic acid
Chemical|rna
Chemical|procollagen i
Chemical|unsaponifiable fraction
Chemical|total cholesterol
Chemical|inorganic phosphorus
Chemical|peroxisome proliferator-activated receptor gamma inhibitor
Chemical|sirna
Chemical|mugst
Chemical|ici 182,780
Chemical|roms
Chemical|statins
Chemical|gc
Chemical|h4r antagonist
Chemical|op agents
Chemical|se
Chemical|all-trans retinoic acid
Chemical|ecstasy
Chemical|alpha-toco
Chemical|op compounds
Chemical|ace2/ang 1-7/masr
Chemical|pgd(2)
Chemical|ltb(4)
Chemical|prostaglandin e(2)
Chemical|doi
Chemical|[-]-hup a
Chemical|lu aa21004
Chemical|[his6([13c9]-hne)]-ang ii
Disease|anti-androgenic effects
Disease|ir-injured
Disease|chronic arsenic poisoning
Disease|ph
Disease|sci
Disease|ali
Disease|myocardial dysfunction
Disease|apoptotic neuronal death
Disease|disorders in bone metabolism
Disease|inflammatory actions
Disease|se
Disease|harmful
Disease|fibroid
Disease|degenerative
Disease|estrogenic effects
Disease|delayed puberty
Disease|hepatitis c
Disease|cerebral ischemia/reperfusion injury
Disease|liver enzyme elevation
Disease|hyperthyroidism
Disease|major depressive disorder
Disease|cardiovascular remodeling
Chemical|compound
Chemical|o2
Chemical|poly(lactide-co-glycolide)
Chemical|mg/kg/week
Chemical|dna
Chemical|inositol-phosphates
Chemical|troponin i
Chemical|dna methyltransferase
Chemical|8-isoprostane
Chemical|nervous system
Chemical|androstane
Chemical|o-methyl isopropylphosphonofluoridate
Chemical|dissolved oxygen
Chemical|creatine kinase-mb
Chemical|amyloid fibrils
Chemical|abeta
Chemical|o-methyl cyclohexylphosphonofluoridate
Chemical|pi3k inhibitor
Chemical|rf
Chemical|bisphenol a diglycidyl ether
Chemical|ag nps
Chemical|added sugar
Chemical|mixtures
Chemical|o-hydroxybenzyl
Chemical|organophosphorus insecticides
Chemical|c16
Chemical|prostaglandin d(2)
Chemical|amd/tnf
Chemical|t
Disease|central leptin resistance
Disease|stinging
Disease|necroptosis
Disease|zn-deficient
Disease|twitching
Disease|yolk sac hemorrhage
Disease|osteotoxic
Disease|cvd
Disease|inflammatory responses
Disease|degranulation
Disease|nafld
Disease|cell survival rate decrease
Disease|cadmium nephropathy
Disease|ro-dcm
Disease|acute renal failure
Disease|cell death events
Disease|bleeding complications
Disease|gastric health
Disease|hcc progression
Disease|nash
Disease|decrease
Disease|toxic effects
Disease|wound healing
Disease|a549 drug-resistance
Disease|impairment
Disease|depression-like behaviors
Disease|toxic
Disease|oxidation
Disease|electroencephalographic abnormalities
Chemical|pufas
Chemical|nadp(+)
Chemical|morin
Chemical|wogonin
Chemical|(-)-epicatechin-3-(3'-o-methyl)-gallic acid
Chemical|[18f]pbr111
Chemical|ganodermanondiol
Chemical|radiation therapy
Chemical|quercetin-acetyl-rutinoside hexoside
Chemical|corticosteroids
Chemical|badge
Chemical|ldh
Chemical|bromide
Chemical|tolrestat
Chemical|cgs-21680
Chemical|fp
Chemical|elisa
Chemical|hmi-1a3
Chemical|n20
Chemical|hplc
Chemical|d-sotalol
Chemical|con a
Chemical|colosalazine
Chemical|ringer's
Chemical|dcfh(2)-da
Chemical|bumetanide
Chemical|[3h]-choline
Chemical|win 55212-2
Chemical|tin-mesoporphyrin-ix
Chemical|jc-1
Chemical|5-asa
Chemical|n-acetyl-l-cystein
Chemical|o-vanadate
Chemical|ri
Chemical|sp6001325
Chemical|copper transporter
Chemical|repertaxin
Chemical|2-pralidoxime
Chemical|3-chlorophenyl
Chemical|cuso(4)
Chemical|jnk-in-8
Chemical|2,3-dichlorophenyl
Chemical|gpx
Chemical|atrial natriuretic peptide
Chemical|uic2 antibody
Chemical|znso(4)
Chemical|pifithrin alpha
Chemical|4-chlorophenyl
Chemical|ldk1288
Chemical|cp55,940
Chemical|hc-030031
Chemical|3-flourophenyl
Chemical|dienogest
Chemical|ici
Chemical|s31-201
Chemical|gamma-carboxylated osteocalcin
Chemical|mitochondrial cytochrome c oxidase
Chemical|15-deoxy-delta(12,14)-prostaglandin j(2)
Chemical|pkc412
Chemical|srt1720
Chemical|unsaturated fat
Chemical|anp
Chemical|sb216367
Chemical|muscadine grape skin extract
Chemical|microm
Chemical|atm inhibitor
Chemical|5alpha-dihydroprogestrone
Chemical|pdtc
Chemical|green tea polyphenols
Chemical|corm-2
Chemical|c75
Chemical|dsrna poly i:c
Chemical|fccp
Chemical|nfd
Chemical|thiazole-derived oridonin analog
Chemical|emodin-6-o-beta-d-glucoside
Chemical|rhubche
Chemical|snp
Chemical|hmi-1b11
Chemical|ldk1285
Chemical|cxcl8/il-8
Chemical|vcr
Chemical|2,3,7,8-tetrachlorodibenzodioxin
Chemical|mbz
Chemical|hcvcp
Chemical|ldk1305
Chemical|progestins
Chemical|ginsenoside rg1
Chemical|chb
Chemical|gmg-itc
Chemical|nsc-613009
Chemical|sy
Chemical|leukotriene b(4)
Chemical|icrf-193
Chemical|octahydrocurcumin
Chemical|vb1
Chemical|ahnpr
Chemical|gs
Chemical|ohc
Chemical|qanpr
Chemical|qhapr
Chemical|qhnar
Chemical|-]-huperzine a
Gene|mouse renin-2 gene
Gene|pi3k/akt
Gene|ubiquitin-specific peptidase 9
Gene|leukotriene b4 receptor
Gene|lsd1/kdm1a
Gene|peroxisome proliferator-activated receptor-gamma
Gene|glutathione s-transferase m1
Gene|beta(2)-agonists
Gene|protease-activated receptor-1
Gene|wnt/beta-catenin
Gene|aldo-keto reductases
Gene|alpha1b-adrenergic receptors
Gene|egf/egfr
Gene|cytochrome p450 3a
Gene|histone deacetylase
Gene|pi3k/akt/gsk3beta
Gene|trp
Gene|fusion genes
Gene|angiotensin ii type i receptor
Gene|alpha7 nicotinic acetylcholine receptor
Gene|microrna-873
Gene|dlk1-dio3
Gene|folate pathway genes
Gene|rho kinase
Gene|phosphoinositide 3-kinase gamma
Gene|deltanp63
Gene|cb2 receptor
Gene|erythroid-specific genes
Gene|pi3k-akt
Gene|wt-1
Gene|glucose-regulated protein 75
Gene|transforming growth factor-beta 1
Gene|mdx
Gene|mir-92a
Gene|beta-lactamases
Gene|multidrug resistance protein 1
Gene|matrix metalloproteinases
Gene|pi3k/akt/nf-kappab
Gene|dna
Gene|lncrnas
Gene|bad
Gene|jnk/p38
Gene|h2r
Gene|glycogen synthase kinase-3beta/nuclear factor-kappa b
Gene|antisense
Gene|mirnas
Gene|gabaar
Gene|rna
Gene|aldo-keto reductase 1b10
Gene|folate metabolism pathway genes
Gene|beta-arrestin
Gene|acetylcholinesterase-r
Gene|beta-blockers
Gene|bsep/abcb11
Gene|alpha 2u-globulin
Gene|organic anion transporting polypeptide 1b1
Gene|smad
Gene|survivin
Gene|p38 mapk
Gene|nuclear factor-kappa b
Gene|micrornas
Gene|5-ht(2b)
Gene|polycomb
Gene|hedgehog
Gene|beta-adrenoceptor
Gene|iap
Gene|16s rrna
Gene|serine/threonine protein phosphatase 2a
Gene|hcvcp
Gene|bcrp/abcg2
Gene|mrp2/abcc2
Gene|pi3k
Gene|pde
Gene|app
Gene|beta-lactamase
Gene|camp-dependent protein kinase
Gene|aggrecan
Gene|d2 receptor
Gene|cardiac-specific genes
Gene|p.phe508del
Gene|peroxisome proliferator activated receptor-gamma
Gene|alpha1-adrenergic receptors
Gene|akr3c1
Gene|lc3-ii
Gene|adhs
Gene|gene networks
Gene|mir-125a-3p
Gene|tyrosine kinases
Gene|sigma receptor 1
Gene|g-protein coupled receptor
Gene|genes
Gene|cholesterol synthesis related genes
Gene|telomerase
Gene|mrna
Gene|vdccs
Gene|ftl3-itd
Gene|taz
Gene|sarcoendoplasmic reticulum calcium transport atpase
Gene|ras
Gene|c/ebp-homologous protein
Gene|caspase-3/7
Gene|pce
Gene|pertussis toxin
Gene|akr5f
Gene|mir-187-3p
Gene|core histones
Gene|alcohol dehydrogenases
Gene|cyp1a
Gene|cl-/hco3--atpase
Gene|beta
Gene|smad-3
Gene|irf
Gene|fas/cd95
Gene|pi3k/akt/mtor
Gene|pde subfamilies 3a
Gene|coding sequence of the gene
Gene|receptor
Gene|mrnas
Gene|glutamine-cysteine ligase
Gene|nadph oxidase
Gene|oxidative stress related genes
Gene|keap1-nrf2
Gene|inflammatory genes
Gene|ars
Gene|akr5g
Gene|hdac
Gene|beta 3-receptors
Gene|beta-adrenergic receptors
Gene|progesterone receptors
Gene|tap63
Gene|sgc-7901
Gene|parkin
Gene|14-3-3epsilon protein
Gene|hpv16
Gene|mitogen-activated protein kinase
Gene|gmg-itc
Gene|rbche
Gene|adh1b1
Gene|iaps
Gene|sp1
Gene|codon 389 genotype
Gene|faco
Gene|adenylate cyclase
Gene|cns
Gene|hsd17b
Gene|sex hormone receptors
Gene|fbg
Gene|fads
Gene|bla tem
Gene|fp
Gene|puma-g
Gene|tuj1
Gene|pwwp
Gene|mitochondrial dna
Gene|apoptotic proteins
Gene|alpha1d-ar
Gene|cyp450
Gene|phosphodiesterase
Gene|xbp1s
Gene|codon 49 genotype
Gene|cns-isoforms
Gene|cholesterol synthesis
Gene|f2
Gene|type i deiodinase
Gene|purkinje
Gene|teads
Gene|p38(mapk)
Gene|bla ctx-m
Gene|flt3-itd
Gene|complex i
Gene|h3k27me3
Gene|map4k
Gene|h2aub
Gene|atp synthase
Gene|nf-kb
Gene|cyclin e
Gene|extracellular signal-regulated protein kinase
Gene|k562
Gene|reporter gene
Gene|tgf-beta1/smad
Gene|pik3ca(h1047r)
Gene|t synthesis
Gene|liver fatty acid-binding protein
Gene|enos
Gene|fip1l1-pdgfra fusion gene
Gene|bla shv
Gene|chibby1
Gene|taqid
Gene|luciferase
Gene|p21(waf1/cip1)
Gene|trs
Gene|h3k4me3
Gene|map3k
Gene|atg 5-12
Gene|gsk3
Gene|akt/gsk-3beta
Gene|protein
Gene|hmgcs
Gene|beta 2
Gene|f3
Gene|darpp-32-thr-34
Gene|gpx
Gene|glucose transporter 4
Gene|nf-kappab p65
Gene|h4ac
Gene|p-akt
Gene|-116a
Gene|cyt c
Gene|hcyp3a4
Gene|c-jun nh2-terminal kinases
Gene|cyp3a65
Gene|pfc
Gene|ccnh-c5orf30
Gene|actd
Gene|sh-sy5y
Gene|atm/chk-2
Gene|nachrs
Gene|mppara
Gene|janus kinase 2
Gene|b2m
Gene|tbetar1
Gene|pyridoxal kinase
Gene|p22/p47(phox)
Gene|caspases 3
Gene|thyroid hormone receptor alpha
Gene|lats1/2
Gene|t4
Gene|ikb
Gene|k variants
Gene|proteins
Gene|nfkappab
Gene|trmt11-grik2
Gene|lipogenesis genes
Gene|hmi-1b11
Gene|pdh e1alpha
Gene|d(4)
Gene|basket
Gene|ckd2
Gene|c-fos/c-jun
Gene|b1
Gene|ceclin1
Gene|caspases 9
Gene|fip1l1-pdgfra
Gene|gre
Gene|taqib
Gene|mechanistic target of rapamycin complex 2
Gene|jnk1/2
Gene|masr
Gene|nrf2/ho-1
Gene|hippo
Gene|anti-proliferative genes
Gene|mapt tau
Gene|calponin
Gene|ep2
Gene|ampkalpha
Gene|ache-r
Gene|hmg coa reductase
Gene|tracp5
Gene|per1
Gene|c-jun n-terminal kinases
Gene|alpha1a subunit
Gene|alphagst
Gene|cytokine
Gene|blactx-m
Gene|etv6-pdgfrbeta
Gene|slpi
Gene|acc
Gene|beta-adrenergic receptor
Gene|enzymes
Gene|cys-113
Gene|hla-dr15
Gene|alpha1a subunits
Gene|gstpi
Gene|mugst
Gene|5-ht(1b)
Gene|jnk/erk
Gene|pi3k/akt/gsk-3beta
Gene|rs19
Gene|nmdar
Gene|tgfbeta receptor 1
Gene|ubiquitin
Gene|neurodevelopment genes
Gene|aromatase
Gene|machr
Gene|autophagy
Gene|star
Gene|5-ht(1d)
Gene|akrs
Gene|nfe2l2
Gene|irf7-delta7
Gene|ptn/mk
Gene|ezrin
Gene|12z
Gene|tead
Gene|cyclooxygenase type 1
Gene|akt/bad
Gene|aldh
Gene|pyruvate dehydrogenase e1alpha
Gene|ppara-null
Gene|beta catenin
Gene|c-rel
Gene|xcelligence
Gene|40s ribosomal protein s7
Gene|glutamate decarboxylase 67
Gene|extracellular signal-regulated kinase 1/2
Gene|peroxisome proliferator-activated receptor gamma/transforming growth factor beta 1/nuclear factor kappa b
Gene|ep300
Gene|tem
Gene|p-pi3k
Gene|mbz
Gene|-116a variant
Gene|cleaved-parp
Gene|60s ribosomal protein l35
Gene|cell cycle
Gene|phosphoproteins
Gene|risk genes
Gene|shv
Gene|bruce
Gene|pstat3
Gene|p-nf-kappab
Gene|gsh-px
Gene|beta-ars
Gene|tcfrsf12a
Gene|cdk41
Gene|ctx-m
Gene|alpha1-ars
Gene|ocn
Gene|gpnmb
Gene|psmbeta9
Gene|lc3ii
Gene|psmbeta10
Gene|at1 receptor
Gene|isg3
Gene|pr-b
Gene|collagen i
Gene|akr
Gene|nfd
Gene|t-cells
Gene|collagen iii
Gene|nlrp3/asc
Gene|methionine cycle genes
Gene|ares
Gene|sgp130
Gene|impdh
Gene|akr1c
Gene|ltb(4)
Disease|insulin resistance
Disease|pancreatitis
Disease|duodenal ulcers
Disease|perineural invasion
Disease|pdac
Disease|human immunodeficiency virus-1
Disease|tnbc
Disease|ovx
Disease|stat3-driven diseases
Disease|osteoinductive
Disease|menopause
Disease|nasopharyngeal carcinoma
Disease|age-related macular degeneration
Disease|systemic vasculitis
Disease|prostate cancers
Disease|canvas
Disease|immune diseases
Disease|glioma tumorigenesis
Disease|delayed neuropathy
Disease|cervical carcinoma
Disease|hcvcp infection
Disease|chemoresistance
Disease|lymphoid malignant
Disease|lymph node metastasis
Disease|pancreatic adenocarcinoma
Disease|myelomeningocele
Disease|spindle cell tumors
Disease|post-ischemia reperfusion injury
Disease|concentric hypertrophy
Disease|bc
Disease|amphetamine neurotoxic effects
Disease|hgsoc
Disease|diabetes-related osteoporosis
Disease|primary open-angle glaucoma
Disease|gc
Disease|poag
Disease|extended-spectrum beta-lactamases
Disease|speech impediments
Disease|esbls
Disease|esbl production
Disease|papa
Disease|therapeutic resistance
Disease|fas-resistant tumors
Disease|lsec damage
Disease|adrp
Disease|t-all
Disease|submaxillary hypertrophy
Disease|aai
Disease|bone involvement
Disease|mdr
Disease|tumor recurrence
Disease|strongyloides stercoralis
Disease|rms
Disease|btc
Disease|mdx
Disease|transient middle cerebral artery occlusion
Disease|autoimmune disorders
Disease|adverse drug reactions
Disease|inflammatory reaction
Disease|neuroinflammatory responses
Disease|dcis
Disease|a549
Disease|efficacy
Disease|combined immunodeficiency disease
Disease|dental caries
Chemical|m30
Chemical|prostaglandin
Chemical|n-acetyl cysteine
Chemical|dmso
Chemical|rhodamine 123
Chemical|prednisone
Chemical|hemin
Chemical|(-)-epigallocatechin
Chemical|camp
Chemical|calcein
Chemical|taurine
Chemical|methotrexate
Chemical|5-bromo-2'-deoxyuridine
Chemical|histamine
Chemical|azathioprine
Chemical|ceftazidime
Chemical|citrate synthase
Chemical|cytochrome c
Chemical|4',6-diamidino-2-phenylindole
Chemical|ctx
Chemical|mycophenolate
Chemical|sodium salicylate
Chemical|3-caffeoylquinic acid
Chemical|ethyl acetate
Chemical|ast
Chemical|mmps
Chemical|aspartate aminotransferase
Chemical|atpase
Chemical|5-aza-2'-deoxycytidine
Chemical|tretinoin
Chemical|nadph
Chemical|trichostatin a
Chemical|aspirin
Chemical|rhodamine-123
Chemical|mpo
Chemical|batimastat
Chemical|igf-1
Chemical|sod
Chemical|aldehyde
Chemical|12-o-tetradecanoylphorbol-13-acetate
Chemical|dichloromethane
Chemical|insulin
Chemical|mifepristone
Chemical|cat
Chemical|indocyanine green
Chemical|morphine
Chemical|ifngamma
Chemical|epidermal growth factor
Chemical|cyclic amp
Chemical|insulin-like growth factor 1
Chemical|caspase-3
Chemical|cyp3a4
Chemical|monoamine oxidase a
Chemical|gst
Chemical|amikacin
Chemical|nap
Chemical|imipenem
Chemical|acteoside
Chemical|colistin
Chemical|interleukin-6
Chemical|sumatriptan
Chemical|carbon monoxide
Chemical|bodipy
Chemical|serotonin
Chemical|ca2+
Chemical|tempol
Chemical|phenol red
Chemical|diphenyleneiodonium
Chemical|alanine
Chemical|bay11-7082
Chemical|gm-csf
Chemical|alpha-sma
Chemical|cyp1a2
Chemical|naringenin
Chemical|niacin
Chemical|aconitine
Chemical|parp
Chemical|cxcl8
Chemical|hne
Chemical|ang 1-7
Chemical|boronophenylalanine
Chemical|ptx
Chemical|alt
Chemical|3-(4,5-dimethylthiazol-2-yl)-2,5 diphenyltetrazolium bromide
Chemical|sodium meta-arsenite
Gene|peroxisome proliferator activated receptor alpha
Gene|hmg-coa reductase
Gene|thyroid hormone
Gene|cyclin
Gene|aldose reductase
Gene|usp9x
Gene|rxralpha
Gene|cathepsin l
Gene|caspase
Gene|scn
Gene|fabp10
Gene|pgr
Gene|hsp
Gene|dystrophin
Gene|cyp
Gene|myc
Gene|nrf-2
Gene|alpha-smooth muscle actin
Gene|rap1gds1
Gene|caspase 3/7
Gene|octn1
Gene|gata-1
Gene|retinoblastoma
Gene|pax8
Gene|hm74
Gene|alpha-globin
Gene|cys
Gene|cdk6
Gene|caspase-2
Gene|flt3-wt
Gene|tnfrsf19
Gene|p73
Gene|pcsk9
Gene|his
Gene|par
Gene|pdk1
Gene|stat-1
Gene|ercc2
Gene|mst1/2
Gene|th
Gene|lys
Gene|ywhaz
Gene|lama5
Gene|zfp57
Gene|n-cadherin
Gene|nuclear factor-kappab
Gene|beta-arrestin 2
Gene|pin1
Gene|atg5
Gene|gusb
Gene|tead2
Gene|ctsl
Gene|beta-arrestin 1
Gene|rock-2
Gene|nqo-1
Gene|extracellular signal-regulated kinase
Gene|alpha1a
Gene|sm22alpha
Gene|mtorc1
Gene|akr1c2
Gene|3beta-hsd
Gene|gamma-gcs
Gene|serines
Gene|sca3
Gene|p38/mapk
Gene|hey1
Gene|otof
Gene|glut1
Gene|mir-543/trpm7
Gene|sf3b2
Gene|ldha
Gene|slc17a7
Gene|ipo5
Gene|vglut1
Gene|st13
Gene|pgk1
Gene|chcr1
Gene|fgfr3
Gene|chcr2
Gene|chst12
Gene|mx1
Gene|mx2
Gene|pfkfb3
Gene|hemagglutinin
Gene|dio2
Gene|akt1
Gene|lipe
Gene|map1lc3b
Disease|hypertensive
Disease|hepatic insulin resistance
Disease|endothelial dysfunction
Disease|oxidative stress
Disease|lung inflammation
Disease|infertility
Disease|perimenopausal depression
Disease|neuropathic pain
Disease|hypoxic
Disease|adenocarcinoma
Disease|pai-1
Disease|hepatoma
Disease|clp
Disease|hyperthyroid
Disease|skeletal fluorosis
Disease|crc
Disease|motor coordination deficits
Disease|ald
Disease|fibrosarcoma
Disease|stress
Disease|autophagy dysfunction
Disease|high-grade serous epithelial ovarian cancer
Disease|prostatic carcinoma
Disease|renal cell injury
Disease|allergic inflammation
Disease|nephrotoxic
Disease|duchenne muscular dystrophy
Disease|thymus atrophy
Disease|vacuolar degeneration of adrenal cortex
Disease|lewy body dementia
Disease|renal tubular dysfunction
Disease|aortic banding
Disease|left ventricular hypertrophy
Disease|qtc prolongation
Disease|olfactory deficits
Disease|rheumatoid
Disease|mammary tumorigenesis
Disease|parkinson
Disease|cc
Disease|behavioral deficits
Disease|lewy body-like neuropathology
Disease|papa ciliopathy
Disease|pancreatic carcinomas
Disease|pancreatic adenocarcinomas
Disease|chronic fluorosis
Disease|hepatic hyperplasia
Disease|developmental immunotoxicity
Disease|triple-negative breast cancer
Disease|oxidative injury
Disease|hepatotoxic
Disease|emotional disorders
Disease|gastric adenocarcinoma cancer
Disease|familial mediterranean fever
Disease|autosomal dominant rp
Disease|ibv
Disease|crohn's disease
Disease|brain damage
Disease|sarcoma
Disease|anxiety disorders
Disease|chronic lymphocytic leukemia
Disease|hiv
Disease|aerotoxic syndrome
Disease|developmental defects
Disease|dmd
Disease|endometriotic lesions
Disease|ischemic stroke
Disease|acinar hypertrophy
Disease|hepatoblastoma
Disease|kidney damage
Disease|hepatocellular tumors
Disease|neoplastic diseases
Disease|zenker's necrosis
Disease|abnormal hair
Disease|veno-occlusive disease
Disease|aortic atherosclerotic lesions
Disease|tle
Disease|lca
Disease|atopic eczema
Disease|idiopathic pulmonary fibrosis
Disease|dilated cardiomyopathy
Disease|chronic myelogenous leukemia
Disease|atopic dermatitis
Disease|msi-h
Disease|acute kidney injury
Disease|hyperactive regeneration of renal tubular epithelium
Disease|ductal carcinoma in situ
Disease|mct-liver injury
Disease|hypoxic toxicity
Disease|hepatic liver injury
Disease|hepatic necrosis
Disease|esbl
Disease|sleep apnoea
Disease|cholestatic liver injury
Chemical|pyrimidinyl biphenylureas
Chemical|patchouli alcohol
Chemical|1
Chemical|inosine monophosphate
Chemical|phorbol 12-mystate 13-acetate
Chemical|halogenated aromatic hydrocarbons
Chemical|calcium ionophore a23187
Chemical|venus
Chemical|cyd0618
Chemical|escherichia coli
Chemical|8-alkynyl-hne
Chemical|cox-2/pge2
Chemical|feso(4)
Chemical|normal saline
Chemical|hcv
Chemical|angiotensin 1-7
Chemical|hmgb1
Gene|cytoskeletal
Chemical|trpv1
Gene|eralpha36
Chemical|phip
Gene|ngen
Chemical|tnf-alpha
Gene|ferroportin
Chemical|acetylcholinesterase
Gene|ppa
Gene|cholesterol
Chemical|p-glycoprotein
Gene|hmgcoa
Gene|5-ht(3a)
Gene|5-ht(2)
Gene|ritodrine
Gene|t3
Chemical|mmp-3
Gene|5-ht(1a)
Gene|thc
Gene|tet
Chemical|alpha-msh
Chemical|thrombin
Chemical|alanine aminotransferase
Gene|dazl
Chemical|cigarette smoke
Gene|xc
Chemical|catalase
Gene|cep
Gene|alpha1-tubulin
Chemical|tgf-beta1
Chemical|ang ii
Chemical|egf
Chemical|cb1
Gene|da
Chemical|il-1beta
Gene|delta9-thc
Gene|solute carrier family 19 member 1
Gene|pte
Gene|scat3
Gene|mapkp44/42/erk1/2
Gene|vp
Gene|adh1b2
Chemical|mortality
Chemical|tnf
Chemical|p38
Gene|pyruvate kinase
Gene|adh1b3
Chemical|igf1
Chemical|interleukin-8
Gene|serine hydroxymethyl-transferase 1
Chemical|interferon-gamma
Gene|western blot
Chemical|pth
Gene|adh1c2
Chemical|bnp
Chemical|osteoprotegerin
Chemical|cox-2
Gene|mapkp44/42
Chemical|alkaline phosphatase
Gene|tp
Chemical|angiotensin ii
Chemical|ache
Gene|cxcr1
Chemical|chloride
Chemical|chlorpyrifos oxon
Chemical|saline
Gene|cxcr2
Chemical|dutp
Gene|pomc
Chemical|tunicamycin
Gene|beta-globin
Chemical|creatinine
Chemical|corticosterone
Chemical|acetyl coa
Chemical|tbars
Chemical|5-ht
Chemical|hydroxyurea
Chemical|gibberellic acid
Chemical|free radical
Chemical|ca(2+)
Chemical|8-hydroxy-2'-deoxyguanosine
Gene|gata-4
Chemical|2,4,5-t
Gene|fgf-10
Chemical|ketotifen
Gene|oatp1b3
Chemical|dextrorphan
Gene|oat4
Chemical|nebivolol
Gene|mate1
Gene|cystathionine-beta-synthase
Chemical|sodium
Disease|embryonic kidney
Gene|peroxisome proliferator-activated receptor-gamma/transforming growth factor-beta 1/nuclear factor-kappa b
Gene|sines
Gene|endothelin-1
Chemical|h3k4
Chemical|prostaglandin analogues
Gene|reference genes
Gene|cyclin-dependent
Chemical|heme synthesis inhibitor
Chemical|arsenic compound
Gene|collagen type ii
Chemical|chemotherapy
Chemical|apomorphine
Gene|nf-m
Gene|p/q-type voltage-dependent calcium channel
Chemical|rutin
Chemical|5-ht(7)
Gene|trophoblast
Chemical|diesel exhaust
Gene|p62/sqstm1
Chemical|potassium dichromate
Chemical|isosorbide dinitrate
Gene|et
Gene|h3k4
Chemical|ketoprofen
Chemical|interleukin
Gene|e6
Chemical|mesaconine
Chemical|breast milk
Chemical|virus
Chemical|cromolyn
Gene|hprt1
Chemical|sudan black b
Gene|e7
Chemical|apd
Gene|genotype
Gene|folate receptor 1
Gene|hcgss
Chemical|boscalid
Chemical|thiobarbituric acid
Gene|b-cell lymphoma 2
Chemical|transforming growth factor-beta1
Gene|beta-blocker
Gene|ve-cadherin
Gene|folate receptor 2
Gene|5n
Chemical|ht-29
Gene|mtp
Gene|gpcr
Chemical|s-phenyl mercapturic acid
Gene|transcobalamin ii
Chemical|mpges-2
Chemical|afh
Chemical|diphenamid
Chemical|tnfalpha
Gene|pole
Chemical|dna methylation
Chemical|prostaglandin e2
Chemical|ache-s
Gene|methylenetetrahydrofolate dehydrogenase 1
Chemical|min-u-sil
Chemical|paraoxon-methyl
Gene|ser311cys
Chemical|vegf
Gene|topoisomerases ii
Gene|5-methyltetrahydrofolate-homocysteine methyltransferase
Chemical|alpha(1)
Chemical|mf-tricyclic
Chemical|edta
Gene|rs6277
Chemical|diamide
Chemical|phencyclidine
Chemical|low density lipoprotein cholesterol
Chemical|il4
Gene|receptor-interacting protein 1
Chemical|nitrite
Gene|hmsc
Chemical|calcitonin gene-related peptide
Gene|5-methyltetrahydrofolate-homocysteine methyltransferase reductase
Chemical|gm6001
Gene|protein expression
Gene|rs6275
Chemical|high density lipoprotein cholesterol
Chemical|proadifen
Gene|p53(mut)
Chemical|citrate
Chemical|il13
Gene|mixed lineage kinase domain-like protein
Chemical|myeloperoxidase
Gene|pp2a-b56alpha
Gene|ga
Chemical|urea
Gene|transforming growth factor beta
Gene|irf7-delta11
Gene|cytochrome p450
Gene|perilipin
Chemical|pentobarbital
Gene|kim1/tim1
Gene|mthfr
Chemical|snpp
Gene|chrna3
Gene|neurofilament
Chemical|t-aoc
Gene|p13k/akt
Chemical|anti-oxidant
Gene|tgf-betal
Chemical|n-methyldihydronicotinamide
Gene|chrna9
Chemical|albumin
Disease|pelvic pain
Disease|inflammatory response
Disease|cardio-protection
Disease|cardiotoxic effect
Disease|aberrant crypt foci
Disease|crohn diseases
Disease|bone fracture
Disease|tnbs
Disease|foreign body granuloma
Disease|muscle strength
Disease|adnp syndrome
Disease|catalepsy
Disease|ataxin-3
Disease|new york heart association class
Disease|retinitis pigmentosa
Disease|dm
Disease|influenza b
Disease|md
Disease|chemotherapy resistance
Disease|amd
Disease|sinusitis
Disease|hay fever
Disease|leukemogenic potential
Disease|recurrent disease
Disease|mets
Disease|hepatorenal toxicity
Disease|crystal deposition
Disease|impaired bbb
Disease|cirrhotic
Chemical|glutathione s-transferase m1 and multidrug resistance protein 1
Chemical|muscadine grape skin extract (mske)
Gene|peptidyl-prolyl cis/trans-isomerase a1 (pin1)
Gene|antioxidant, apoptotic and glycation responsive genes
Gene|acetylcholinesterase (ache)
Gene|glucocorticoid receptors (grs)
Gene|alpha1- and beta-adrenergic receptors (ars)
Chemical|silica particles (min-u-sil)
Gene|cytochrome p4502e1
Gene|dopamine d(4) receptor subtype
Gene|abeta, tau
Gene|mekk2 (map3k2)
Gene|cyclooxygenases (cox)
Gene|heme oxygenase-1 (ho-1)
Gene|triiodothyronine (t3)
Gene|phosphoinositide 3-kinase gamma (pi3kgamma)
Gene|protein kinase c (pkc)
Gene|glycogen synthase kinase 3 beta (gsk-3beta)
Gene|histone deacetylases (hdacs)
Gene|nf${\rm \small k}$b
Gene|aldose reductase (ar)
Gene|inducible nitric oxide synthase (inos)
Gene|cyclooxygenase-2 (cox-2)
Gene|glutathione reductase (gr)
Gene|estrogen receptor (er)
Gene|p-glycoprotein (p-gp/abcb1)
Gene|glutathione s-transferases (gsts)
Chemical|5-ht(3a)
Gene|cystatin s (cyss)
Chemical|pka
Gene|aryl hydrocarbon receptor (ahr)
Gene|hippo pathway (hpo)
Gene|ang ii type 1 (at1) receptor
Gene|hypoxia-inducible factor-1alpha (hif-1alpha)
Chemical|fluticasone propionate (fp)
Gene|pleiotrophin (ptn)
Gene|multidrug resistance-associated protein 1 (mrp1/abcc1)
Gene|hedgehog interacting protein (hhip)
Chemical|superoxide dismutase (sod)
Gene|protein phosphatase 2a (pp2a)
Chemical|triglycerides (tgs)
Gene|ahr nuclear translocator (arnt)
Gene|butyrylcholinesterase (bche)
Chemical|oxidative stress
Gene|midkine (mk)
Gene|breast cancer resistance protein (bcrp/abcg2)
Chemical|cat l inhibitor (z-fy-cho)
Gene|neutral endopeptidase (nep)
Chemical|sodium fluoride (naf)
Gene|soluble epoxide hydrolase (seh)
Gene|fatty acid synthase (fas)
Gene|inositol-requiring enzyme-1alpha (ire1alpha)
Gene|tumor necrosis factor-alpha (tnf-alpha)
Gene|glycogen synthase kinase-3beta (gsk3beta)
Chemical|low-density lipoprotein cholesterols (ldl-c)
Gene|gamma-glutamylcysteine synthetase (gcl)
Gene|aggrecan core protein
Gene|yes-associated protein 1 (yap)
Gene|retinoic acid receptor alpha (raralpha)
Chemical|blood urea nitrogen (bun)
Gene|x-box binding protein 1 (xbp1)
Gene|micrornas (mirnas)
Gene|betaine-homocysteine methyltransferase (bhmt)
Gene|hpo
Gene|srebf2, hmgcr, hmgcs1
Chemical|methyl ferulic acid (mfa)
Chemical|creatinine (scr)
Gene|rbpms
Chemical|pro-fibrotic substances
Chemical|malondialdehyde (mda)
Gene|amyloid precursor protein (app)
Chemical|nitric oxide (no)
Gene|estrogen signaling- and oocyte maturation-associated genes
Gene|c-jun n-terminal kinases (jnk)
Gene|ornithine decarboxylase (odc)
Gene|gs
Chemical|glutathione (gsh)
Gene|beta-secretase (bace-1)
Gene|lactate dehydrogenase
Gene|activated protein 1 (ap-1)
Gene|a-disintegrin and metalloprotease (adam) 10
Gene|kit(d816v)
Chemical|cigarette smoke extract (cse)
Gene|ache, sod
Chemical|adenosine triphosphate (atp)
Gene|janus kinase (jak)
Gene|p-glycoprotein (p-gp)
Chemical|leptin
Chemical|hydrogen peroxide (h2o2)
Gene|signal transducer and activator of transcription (stat)
Gene|gsh
Chemical|rbche
Chemical|apoptosis-inducing factor (aif)
Gene|breast cancer resistance protein (bcrp)
Gene|msi-h
Gene|nuclear factor erythroid 2-related factor 2 (nrf2)
Chemical|collagen iv (col iv)
Chemical|1-trifluoromethoxyphenyl-3-(1-propionylpiperidin-4-yl)urea (tppu)
Gene|acetyl-coa carboxylase-1 (acc1)
Gene|multidrug resistance-associated protein isoform 2 (mrp2)
Chemical|tgf-betal
Chemical|free-t4 (ft4)
Gene|catalase (cat)
Chemical|fibronectin (fn)
Gene|thiazide-sensitive sodium-chloride cotransporter (ncct)
Gene|microrna-193
Gene|glutathione-s-transferase (gst)
Gene|amp-activated protein kinase (ampk)
Chemical|prostaglandin e2 (peg2)
Chemical|long-chain acylcarnitines
Chemical|bche
Gene|toll-like receptor-4 (tlr4)
Chemical|tumor necrosis factor-alpha (tnf-alpha)
Chemical|c-reactive protein (crp)
Gene|fad
Gene|protein kinase b (akt)
Chemical|nap (cp201)
Gene|alpha7-nicotinic acetylcholine receptor (alpha7nachr)
Gene|nscs
Chemical|interleukine-1 beta (il-1beta)
Gene|phosphoinositide 3-kinase (pi3k)
Gene|apz
Chemical|hydrogen peroxide (hpo)
Chemical|thiobarbituric acid reactive substances (tbars)
Gene|mammalian target of rapamycin (mtor)
Gene|k
Gene|interleukin-10 (il -10)
Gene|sonic hedgehog (shh)
Gene|relish-dependent anti-microbial peptide (amps)
Chemical|srebp
Gene|kdm4
Gene|glioma-associated oncogene-1 (gli-1)
Chemical|mir-19b
Chemical|akr inhibitors
Gene|camp
Chemical|1-[2-(2,4-dimethylphenylsulfanyl)phenyl]piperazine (lu aa21004)
Chemical|xanthoquinodin
Chemical|lipopolysaccharide (lps)
Chemical|estradiol (e2)
Chemical|l-thyroxine (t4)
Chemical|angiotensin (ang) ii
Chemical|dialkyl 5-(hydroxymethyl)isophthalates
Chemical|isoniazid (inh)
Chemical|diallyl trisulfide (dats)
Chemical|paf
Chemical|platinum-drug
Chemical|decabromodiphenyl ether (decabde)
Chemical|reactive oxygen species (ros)
Chemical|[13c18]-linoleic acid
Chemical|delta9-tetrahydrocannabinol (thc)
Chemical|glucomoringin isothiocyanate (gmg-itc)
Chemical|fe (ii) ion
Chemical|kainate (ka)
Chemical|methylprednisolone (mps)
Chemical|qsarins-chem
Chemical|phosphorodiamidate morpholino oligomer
Chemical|acetylcholinesterase (ache)
Disease|zn deficiency (zd)
Disease|hepatocellular carcinoma (hcc)
Disease|alzheimer's disease (ad)
Disease|triple-negative breast cancers (tnbcs)
Disease|triple-negative breast cancer (tnbc)
Disease|triple negative breast cancers (tnbcs)
Disease|non-alcoholic fatty liver disease (nafld)
Disease|parkinson's disease (pd)
Disease|hyaline droplet nephropathy (hdn)
Disease|alveolar rhabdomyosarcoma (arms)
Disease|cardiovascular disease (cvd)
Disease|promyelocytic leukemia (apl)
Disease|fip1l1-platelet-derived growth factor receptor alpha (pdgfralpha) rearrangement
Disease|motor dysfunctions
Disease|bone demineralization
Disease|uc remission
Chemical|2-arylpropionic
Gene|poly(adp-ribose)
Chemical|plasminogen activator inhibitor-1 (pai-1)
Gene|pro-opiomelanocortin (pomc)
Gene|alpha-melanocyte stimulating hormone (alpha-msh)
Gene|cyclooxygenase (cox) 2
Gene|5-ht(2b) receptor
Chemical|5-ht(1b)
Gene|cocaine and amphetamine-regulated transcript (cart)
Gene|interferon regulatory factors (irfs)
Gene|neuropeptide y (npy)
Gene|type i interferons (ifns)
Chemical|total cholesterol (t-cho)
Gene|ifn-stimulated genes (isgs)
Gene|micrornas (mirs)
Gene|amyloid a (saa)
Gene|arg
Gene|adenosine a2a receptor (a2ar)
Gene|protein kinase a (pka)
Chemical|brain natriuretic peptide (bnp)
Gene|ccaat/enhancer-binding protein (c/ebp) alpha
Chemical|alanine transaminase (alt)
Gene|folate
Chemical|aspartate transaminase (ast)
Chemical|crp
Gene|insulin receptor substrate-1 (irs1)
Gene|ddt
Gene|acetylcholine receptor (achr)
Gene|smoothened (smo)
Chemical|creatine kinase-mb (ck-mb)
Chemical|glutathione peroxidase (gpx)
Gene|rank
Chemical|glutathione reductase (gr)
Gene|rank ligand
Gene|ac011523.2
Chemical|bap
Chemical|salsolinol (sal)
Chemical|ang p
Chemical|pentylenetetrazol (ptz)
Chemical|all-trans-retinoic acid (atra)
Chemical|cannabidiol (cbd)
Chemical|amiodarone (amd)
Chemical|phorbol-12-myristate-13-acetate (pma)
Chemical|tert-butyl hydroperoxide (t-bhp)
Chemical|dimethylnitrosamine (dmn)
Chemical|emodin-6-o-beta-d-glucoside (eg)
Chemical|2',4'-dihydroxy-6'-methoxy-3',5'-dimethylchalcone (dmc)
Chemical|fe(2+) ion
Chemical|glyphosate-based herbicide (gbh)
Disease|long qt syndrome (lqts)
Disease|osteoarthritis (oa)
Disease|influenza a
Disease|aristolochic acid nephropathy (aan)
Disease|heart failure (hf)
Disease|benign prostatic hyperplasia (bph)
Disease|diabetes mellitus (dm)
Chemical|basil
Chemical|catechol-o-methyltransferase
Chemical|5-ht2
Chemical|4-isopropylthioxanthone (4-itx)
Chemical|ca i
Chemical|5'-amp
Chemical|p-chloromercuriphenylsulfonic acid
Chemical|2-bromo-2-bromomethyl glutaronitrile
Chemical|phoenixin
Chemical|fatty acyl coenzyme
Chemical|dehydroepiandrosterone (dhea)
Chemical|wy14,643
Chemical|antisense oligonucleotides
Chemical|butyrylcholinesterase (bche)
Chemical|cuso4
Chemical|citral
Chemical|diethylmaleate
Chemical|dinitrochlorobenzene
Chemical|etopoxide (vp-16)
Chemical|potassium, glucose
Chemical|6-formylindolo[3,2-b]carbazole (ficz)
Chemical|glyoxal
Chemical|slit2
Chemical|2-mercaptobenzothiazole
Chemical|bradykinin
Chemical|monocyte chemoattractant protein-1 (mcp1)
Chemical|vascular endothelial growth factor
Chemical|nickel sulfate
Chemical|5-nitro-2-(3-phenylpropylamino)benzoic acid
Chemical|n-acetylation
Chemical|4-nitrobenzylbromide
Chemical|bmp2
Chemical|indanyloxyacetic acid 94
Chemical|oxazolone
Chemical|5f-mdmb-pica
Chemical|o-alkylated guaiacol
Chemical|paraquat (pq)
Chemical|penicillin g
Chemical|buthionine-( s, r)-sulfoximine (bso)
Chemical|resorcinol
Chemical|n-acetyl-l-cysteine (nac)
Chemical|cytochrome-c-oxidase
Chemical|tetramethylthiuram disulfide
Chemical|pxr
Chemical|cinnamyl alcohol
Chemical|phosphatidylinositide 3-kinase (pi3k) inhibitors
Chemical|eugenol
Chemical|isoeugenol
Chemical|aquaporin-2 (aqp-2)
Chemical|p-phenylediamine
Chemical|carbonyl cyanide m-chlorophenyl hydrazone (cccp)
Chemical|apocam
Chemical|gssg/glutathione
Chemical|citronellyl acetate (cat)
Chemical|24r, 25-(oh)(2)d(3)
Chemical|oleacein benzenediol
Chemical|di(2-ethylhexyl)phthalate (dehp)
Chemical|fennel seed
Chemical|sulfated glucosamine
Chemical|dids
Chemical|parylation
Chemical|cb2 receptor agonist
Chemical|1,2,4-benzenetriol (bt)
Chemical|zea
Chemical|bisphenol s (bps)
Chemical|mono(2-ethylhexyl)phthalate (mehp)
Chemical|bisphenol a (bpa)
Chemical|flavin adenine dinucleotide (fad)
Chemical|beta-lactamases
Chemical|2-amino-1-methyl-6-phenylimidazo [4, 5-b] pyridine (phip)
Chemical|benzo(alpha)pyrene (bap)
Chemical|plp
Chemical|bisdioxopiperazines
Chemical|aflatoxin b1 (afb1)
Chemical|silymarin (sil)
Chemical|cinobufacini (huachansu)
Chemical|n-acetylcysteine (nac)
Chemical|bisphenol p (bpp)
Chemical|platelet-activating factor antagonists
Chemical|tamibarotene (am80)
Chemical|sunitinib (sun)
Chemical|avermectin
Chemical|3, 5-diethoxycarbonyl-1, 4-dihydrocollidine (ddc)
Chemical|melittin
Chemical|ochratoxin a (ota)
Chemical|bnct
Chemical|alpha-hbcd
Chemical|diisopropylfluorophosphate (dfp)
Chemical|alb
Chemical|(-)-pindolol
Gene|xenobiotic receptors, transporters, and drug metabolizing enzymes
Gene|xrs
Gene|caveolin-1 (cav-1)
Gene|immunoblotting
Gene|nitric-oxide synthase
Gene|mitofusin-1 (mfn1)
Gene|flg
Gene|cyps
Gene|carbonic anhydrase
Gene|fission-1 (fis1)
Gene|dynamin-related protein-1 (drp1)
Gene|dmes
Gene|microarray
Gene|cyp11a1
Gene|3beta-hsd1/2
Gene|sult2a1
Gene|hsd17beta1
Gene|5-ht(2) receptor
Gene|akt/protein kinase b
Gene|rt-qpcr
Gene|histone modifications
Gene|5'-amp-activated protein kinase
Gene|vascular endothelial growth factor-a
Gene|steroidogenic enzyme
Gene|tlr
Gene|arlp
Gene|arlps
Gene|epigenetic
Gene|cylcin d1
Gene|akr1b19
Gene|oat1
Gene|p38 mitogen-activated protein kinase (mapk)
Gene|human
Gene|alpha1d
Gene|human estrogen receptor
Gene|er
Gene|b-cell lymphoma-2 (bcl-2)
Gene|gaba
Gene|suppressor of cytokine signaling-3
Gene|heralpha
Gene|hypoxia inducible factor (hif)
Gene|constitutive androstane receptor (car)
Gene|hifalpha
Gene|hif-alpha
Gene|smad1
Gene|pannexin
Gene|bmps
Gene|nucleotide excision repair factors
Gene|proapoptotic genes
Gene|sirtuin 3
Gene|glutamic acid decarboxylase
Gene|l-glutamic acid decarboxylase (gad)
Gene|hgad65
Gene|gst-hgad65
Gene|phe-435
Gene|ser-198
Gene|protein kinase c
Gene|endothelin-1 type a
Gene|protein phosphatase 1
Gene|endothelin-1 gpcrs
Gene|tgad67
Gene|pla(2)
Gene|gcs
Gene|human aldehyde dehydrogenase 1
Gene|human butyrylcholinesterase
Gene|topoisomerase i
Gene|dnmts
Gene|brdu
Gene|tubulin
Gene|abcg
Gene|neurodevelopment
Gene|dual-luciferase reporter gene
Gene|firefly-luciferase (fluc)
Gene|hypoxia-inducible factor
Gene|blatem
Gene|p85alphapi-3k
Gene|uncoupling protein-2
Gene|nadph-cytochrome p450 oxidoreductase (por)
Gene|vtg
Gene|gene expression
Gene|c-jun n-terminal kinase (jnk)
Gene|fibroblast growth factor receptor (fgfr)
Gene|fgfr family
Gene|fgfr
Gene|androgen receptor (ar)
Gene|cytochrome p450 1a1 (cyp1a1)
Gene|cyclooxygenase
Gene|myosin-like bcl2 interacting protein (lc3)
Chemical|apocalmodulin
Chemical|24r,25-(oh)(2)d(3)
Chemical|pyridoxal phosphate (plp)
Chemical|17-beta-estrodiol (e2)
Chemical|pj34
Chemical|fennel seed oil
Chemical|tetrazolium-based (mtt)
Chemical|il-6
Chemical|organophosphate (op) compounds
Chemical|chemical
Chemical|bpb
Chemical|as(iii)
Chemical|rosiglitazone (brl 49653)
Chemical|pfaas
Chemical|polychlorinated biphenyls (pcbs)
Chemical|disodium 4-acetamido-4'-isothiocyanato-stilben-2,2'-disulfonate
Chemical|naphtho[1,2-b]furan-4,5-dione (nfd)
Chemical|nps
Chemical|diphenyl ditelluride (phte)(2)
Chemical|cajaninstilbene acid (csa)
Chemical|aii antagonists
Chemical|saturated fat
Chemical|icrf-187
Chemical|manganese (mn)
Chemical|thiacloprid amide
Chemical|deoxynivalenol (don)
Chemical|cardenolidal steroid
Chemical|atp synthase inhibitor
Chemical|5-oxo-hexahydroquinoline derivatives
Chemical|aloe emodin (ae)
Chemical|fe (iii) ion
Chemical|hexabromocyclododecane (hbcd)
Chemical|t-ex5
Chemical|5-fluorouracil (5-fu)
Chemical|cur
Chemical|(-)-timolol
Gene|alpha-glycosidase
Gene|human carbonic anhydrase i
Gene|aldehyde dehydrogenases (aldhs)
Gene|adh
Gene|ca
Gene|rl23a
Gene|beta2-adrenergic receptor
Gene|protein kinase c delta (pkcdelta)
Gene|oct2
Gene|oct1
Gene|dna methyltransferases
Gene|notch-dll1
Gene|rb/e2f
Gene|panx
Gene|alpha1-adrenoceptors
Gene|alpha1-adrenoceptor
Gene|alpha1d-adrenoceptors
Gene|catecholamine
Gene|progesterone receptor b (pr-b)
Gene|dna methylation
Gene|ala
Gene|steroid hormones
Chemical|icrf-154
Chemical|tetraethylammonium (tea)
Chemical|lindane
Chemical|heralpha
Chemical|alpha-endosulfan
Chemical|herbeta
Chemical|12-ketoendrin
Chemical|fipronil
Chemical|3-(4,5-dimethylthiazol-2-yl)-2,5-diphenyltetrazolium bromide (mtt)
Chemical|dithiane
Chemical|isothermal titration calorimetry
Chemical|3,4-methylenedioxy-alpha-ethylphenethylamine
Chemical|2,5-dimethoxy-4-iodoamphetamine
Chemical|picrotoxinin
Chemical|methylene blue, 3h-thymidine (tdr)
Chemical|organochloride pesticides
Chemical|moxidectin
Chemical|glaucine
Chemical|artn
Chemical|disodium 4,4'-diisothiocyanatostilbene-2,2'-disulfonate (dids)
Chemical|n-iso-propyl-1,2-diphenylethylamine
Chemical|n-(1-phenylcyclohexyl)-3-ethoxypropanamine
Chemical|lactate dehydrogenase (ldh)
Chemical|niflumic acid
Chemical|c-amidation
Chemical|bun
Chemical|nadh-dehydrogenases
Chemical|protease inhibitors
Chemical|adb-fubinaca
Chemical|car
Chemical|24s,25-(oh)(2)d(3)
Chemical|reduced glutathione
Chemical|creatine kinase (ck)
Chemical|n,n-diethyl-3-methylbenzamide (deet)
Chemical|benzo(a)pyrene (bap)
Chemical|inhibitor
Chemical|one
Chemical|xanthoquinodin jbir-99
Chemical|cyclohexyl-[2-(3,5-dimethyl-pyrazol-1-yl)-6-methyl-pyrimidin-4-yl]-amine (cyppa)
Chemical|dextran sulfate sodium (dss)
Chemical|pfaa
Chemical|5-aza-2'-deoxycytidine (5-aza-dc)
Chemical|[3h]ebob
Chemical|acetaminophen (apap)
Chemical|ahr
Chemical|vx
Chemical|sm-alkylated dex
Chemical|bis(12)-hupyridone (b12h)
Chemical|nanoparticles (nps)
Chemical|bisphenol af (bpaf)
Chemical|cyclooxygenase-2 inhibitor
Chemical|5-bromopentyl
Chemical|h(2)(18)o
Chemical|copper (i)
Chemical|fe(3+)
Chemical|hp-gp
Chemical|2-chlorothioxanthone (2-chloro-tx)
Chemical|p-gp
Chemical|fe (ii)
Chemical|triptolide (tp)
Chemical|phenobarbital (pb)
Chemical|bfr
Chemical|(-)-bupranolol
Chemical|oxidized glutathione (gssg)
Gene|quantitative real-time polymerase chain reaction
Gene|gas
Gene|hormone-sensitive lipase
Gene|acylation-stimulating protein
Gene|t1r
Gene|gc
Gene|mirna
Disease|non-alcoholic steatohepatitis (nash)
Disease|hpv16 positive
Gene|mscs
Gene|connexins
Gene|gly
Disease|dnt
Disease|ar
Gene|beta 1-adrenoceptors
Gene|nrs
Gene|beta(1)-adrenoceptors
Gene|h-site
Gene|l-site
Gene|cannabinoid receptors 1 (cb1)
Gene|microtubule-associated protein 2
Gene|actin
Gene|p450
Gene|rars
Gene|pnx
Gene|5-ht(2a)-receptor
Gene|5-ht(2a)-receptors
Gene|dat
Chemical|neonicotinoid metabolite
Chemical|4-n-[3h]propyl-4'-ethynylbicycloorthobenzoate ([3h]ebob)
Chemical|(-)-isoprenaline
Chemical|tea
Chemical|tacrine
Chemical|estrone
Chemical|n-ribosylated nicotinamides
Chemical|naphazoline
Chemical|5-ht(2)
Chemical|androstenedione
Chemical|carbenoxolone
Chemical|ala
Chemical|pregnenolone
Chemical|probenecid
Chemical|ser
Chemical|flufenamic acid
Chemical|estriol
Chemical|ache, sod
Chemical|ahu377
Chemical|octahydrocurcumin (ohc)
Chemical|5-chloropentyl
Chemical|2pam
Chemical|5-iodopentyl
Chemical|s-adenosyl-l-methionine
Chemical|salicyl amide
Chemical|tg
Chemical|butyraldehyde
Chemical|nag
Chemical|h(2)(16)o
Chemical|cyp
Chemical|carboxylesterase
Chemical|aai
Chemical|hmg-coa
Chemical|pla(2)
Chemical|pyruvic acid
Chemical|da, gsh
Chemical|atr/hi-6
Chemical|hmgcoa
Chemical|hydroxyl radical
Chemical|arachidonic acid
Chemical|[13c9]-thiadiazabicyclo-one-glutathione adduct
Chemical|olanzapine
Chemical|noroxycodone
Chemical|oxymorphone
Chemical|hydroxyproline
Chemical|pce
Chemical|pfhxa
Chemical|pfda
Chemical|8-isop
Chemical|doxazosin
Chemical|potassium
Chemical|nad
Chemical|cq
Chemical|naaso(2)
Chemical|nonylphenol
Chemical|abamectin (aba)
Chemical|platinum drugs
Chemical|tris(1-chloro-2-propyl) phosphate (tcpp)
Chemical|platinum drug
Chemical|2,3,7,8-tetrachlorodibenzo-p-dioxin (tcdd)
Chemical|3-methylcholanthrene (mc)
Chemical|pfoa
Chemical|mehp
Chemical|triiodothyronine (t3)
Chemical|rs194b
Chemical|dioxin
Chemical|sm
Chemical|pelargonidin (pel)
Chemical|methylglyoxal (mg)
Chemical|5m
Chemical|stigmasterol
Chemical|organophosphate (op)
Chemical|nefa
Chemical|o-ethyl isopropylphosphonofluoridate
Chemical|hc
Chemical|beta-blocker
Chemical|bm
Chemical|tetrahydrocurcumin (thc)
Chemical|beta-blockers
Chemical|thcv
Chemical|6-propyl-2-thiouracil (ptu)
Chemical|benzoylhypaconine (bha)
Disease|adverse events
Disease|cholesterol
Disease|toxicant-associated steatohepatitis (tash)
Disease|embryonal rhabdomyosarcoma (erms)
Disease|osteonecrosis (on)
Disease|premature ovarian failure (pof)
Gene|gad65
Gene|casein kinase 1
Gene|pfkl
Gene|udp-glucuronosyltransferase
Gene|d(2)
Gene|oatp2b1
Gene|mate2-k
Gene|rar
Gene|igf-1
Gene|insulin receptor
Gene|irs-1
Gene|lipoprotein lipase
Gene|ppargamma1
Gene|mcp1
Gene|il -10
Gene|nr
Gene|beta1
Gene|acsl1
Gene|cpt1b
Gene|smad2
Gene|smo
Gene|alpha-sma
Gene|superoxide dismutase (sod)
Gene|acc1
Gene|crp
Gene|irs1
Gene|histone h3
Gene|rac1
Gene|sall4
Gene|mouse
Gene|ehhadh
Gene|pdk4
Gene|fabp1
Gene|paraoxonase 1
Gene|cdc20
Gene|pon1
Gene|stat5b
Gene|human nuclear receptors
Gene|glut4
Gene|cyp4a14
Gene|betaklotho
Gene|hemin
Gene|cdk1
Gene|fgfr4
Gene|tspo
Chemical|ecfp
Chemical|peroxidase (po)
Chemical|mapk
Gene|oct4
Chemical|tetrahydrocannabidivarin (thcv)
Chemical|gas chromatograph
Chemical|benzoylaconine (bac)
Chemical|mmb4
Chemical|jwh-122
Chemical|hydroxylated auriculasin
Chemical|cyclo-oxygenase-2 (cox-2)
Chemical|inhibitors
Chemical|oct2
Chemical|3 ma
Chemical|superoxide dismutase
Chemical|15(s)-hete
Chemical|12-oxo-ete
Chemical|collagen
Chemical|il6
Chemical|cox-1
Chemical|perfluoroalkyl acids (pfaas)
Chemical|cb2 receptor
Chemical|2,3'4,4',5-pentachlorobiphenyl (pcb118)
Chemical|actd
Chemical|benzo[a]pyrene (bp)
Chemical|bpp
Chemical|cloz 400
Chemical|4-hydroxytamoxifen
Chemical|evoo
Chemical|mg(2+)
Chemical|rg1
Chemical|bpc
Chemical|thioxanthone photoinitiators
Chemical|triterpenoid saponins
Chemical|tetrahydrocannabinol (thc)
Chemical|cadmium (cd)
Chemical|simvastatin (sim)
Chemical|aconite
Chemical|aripiprazole (apz)
Chemical|glycidamide/acrylamide
Chemical|tripterygium wilfordii hook f
Chemical|verteporfin (vp)
Chemical|tetraiiodothyronine (t4)
Chemical|tomatine
Chemical|cloz-n-oxide 200
Chemical|gbh
Chemical|small molecule
Chemical|methamphetamine (ma)
Chemical|clofazimine (cfz)
Chemical|benzoylmesaconine (bma)
Chemical|bergenin
Disease|lqts
Disease|et
Disease|insufficient osteogenic capacity
Disease|chronic lymphocytic leukemia (cll)
Disease|experimental autoimmune encephalomyelitis (eae)
Disease|ad-like neurodegeneration
Disease|influenza
Disease|cell toxicity
Gene|acaca
Gene|5,10-methylenetetrahydrofolate reductase (mthfr)
Disease|pancreatic ductal adenocarcinoma (pdac)
Disease|t cell acute lymphoblastic leukemia (t-all)